"","nlc2022_7class","T_MAPCODE","n"
"1","1","AT15",36437
"2","2","AT15",57
"3","3","AT15",5
"4","4","AT15",3
"5","5","AT15",0
"6","6","AT15",0
"7","7","AT15",0
"8","8","AT15",0
"9","NaN","AT15",0
"10","1","AT16",126979
"11","2","AT16",3804
"12","3","AT16",167
"13","4","AT16",216
"14","5","AT16",950
"15","6","AT16",1374
"16","7","AT16",0
"17","8","AT16",933
"18","NaN","AT16",0
"19","1","AT17",1359723
"20","2","AT17",119096
"21","3","AT17",1174
"22","4","AT17",12945
"23","5","AT17",243145
"24","6","AT17",226
"25","7","AT17",4571
"26","8","AT17",82127
"27","NaN","AT17",0
"28","1","AT18",2463607
"29","2","AT18",116889
"30","3","AT18",1037
"31","4","AT18",5308
"32","5","AT18",226716
"33","6","AT18",36
"34","7","AT18",2316
"35","8","AT18",123169
"36","NaN","AT18",0
"37","1","AT19",2610905
"38","2","AT19",17099
"39","3","AT19",4752
"40","4","AT19",3952
"41","5","AT19",14251
"42","6","AT19",33
"43","7","AT19",15
"44","8","AT19",43661
"45","NaN","AT19",0
"46","1","AT20",45000
"47","2","AT20",5612
"48","3","AT20",223
"49","4","AT20",31972
"50","5","AT20",0
"51","6","AT20",975
"52","7","AT20",5
"53","8","AT20",5004
"54","NaN","AT20",0
"55","1","AT21",704549
"56","2","AT21",44839
"57","3","AT21",22644
"58","4","AT21",45993
"59","5","AT21",74537
"60","6","AT21",187
"61","7","AT21",323
"62","8","AT21",72695
"63","NaN","AT21",0
"64","1","AT22",220606
"65","2","AT22",82632
"66","3","AT22",8990
"67","4","AT22",105798
"68","5","AT22",109896
"69","6","AT22",292
"70","7","AT22",120
"71","8","AT22",10386
"72","NaN","AT22",0
"73","1","AT23",670669
"74","2","AT23",56327
"75","3","AT23",309
"76","4","AT23",22796
"77","5","AT23",27579
"78","6","AT23",12
"79","7","AT23",260
"80","8","AT23",30
"81","NaN","AT23",0
"82","1","AT24",6492818
"83","2","AT24",422191
"84","3","AT24",5082
"85","4","AT24",137061
"86","5","AT24",377305
"87","6","AT24",133
"88","7","AT24",3449
"89","8","AT24",2298
"90","NaN","AT24",0
"91","1","AT25",5260595
"92","2","AT25",22041
"93","3","AT25",3690
"94","4","AT25",15690
"95","5","AT25",7689
"96","6","AT25",253
"97","7","AT25",0
"98","8","AT25",12456
"99","NaN","AT25",0
"100","1","AT26",51464
"101","2","AT26",5641
"102","3","AT26",299
"103","4","AT26",721
"104","5","AT26",19110
"105","6","AT26",0
"106","7","AT26",0
"107","8","AT26",23971
"108","NaN","AT26",0
"109","1","AT27",3074341
"110","2","AT27",8806
"111","3","AT27",720
"112","4","AT27",5896
"113","5","AT27",6448
"114","6","AT27",942
"115","7","AT27",2
"116","8","AT27",2793
"117","NaN","AT27",0
"118","1","AT28",2216455
"119","2","AT28",148087
"120","3","AT28",2634
"121","4","AT28",60573
"122","5","AT28",89760
"123","6","AT28",65
"124","7","AT28",4577
"125","8","AT28",54125
"126","NaN","AT28",0
"127","1","AT29",1918967
"128","2","AT29",14513
"129","3","AT29",1683
"130","4","AT29",13698
"131","5","AT29",10564
"132","6","AT29",937
"133","7","AT29",0
"134","8","AT29",1173
"135","NaN","AT29",0
"136","1","AT30",1563177
"137","2","AT30",27429
"138","3","AT30",5860
"139","4","AT30",21433
"140","5","AT30",67044
"141","6","AT30",44
"142","7","AT30",22
"143","8","AT30",137
"144","NaN","AT30",0
"145","1","AT31",510926
"146","2","AT31",55195
"147","3","AT31",95
"148","4","AT31",4060
"149","5","AT31",16562
"150","6","AT31",0
"151","7","AT31",602
"152","8","AT31",14564
"153","NaN","AT31",0
"154","1","AT32",8617914
"155","2","AT32",112279
"156","3","AT32",15245
"157","4","AT32",64523
"158","5","AT32",165079
"159","6","AT32",254
"160","7","AT32",6417
"161","8","AT32",8749
"162","NaN","AT32",0
"163","1","AT33",1208877
"164","2","AT33",7098
"165","3","AT33",2433
"166","4","AT33",1968
"167","5","AT33",7810
"168","6","AT33",15
"169","7","AT33",14
"170","8","AT33",1299
"171","NaN","AT33",0
"172","1","AT34",401616
"173","2","AT34",4170
"174","3","AT34",387
"175","4","AT34",1024
"176","5","AT34",8866
"177","6","AT34",140
"178","7","AT34",45
"179","8","AT34",2569
"180","NaN","AT34",0
"181","1","AT35",44954
"182","2","AT35",10946
"183","3","AT35",0
"184","4","AT35",477
"185","5","AT35",18010
"186","6","AT35",0
"187","7","AT35",0
"188","8","AT35",982
"189","NaN","AT35",0
"190","1","AT36",53661
"191","2","AT36",9601
"192","3","AT36",8
"193","4","AT36",13634
"194","5","AT36",5326
"195","6","AT36",254
"196","7","AT36",25295
"197","8","AT36",20750
"198","NaN","AT36",0
"199","1","AT37",239369
"200","2","AT37",42016
"201","3","AT37",152
"202","4","AT37",3843
"203","5","AT37",129979
"204","6","AT37",177
"205","7","AT37",131
"206","8","AT37",25949
"207","NaN","AT37",0
"208","1","AT38",2000571
"209","2","AT38",255149
"210","3","AT38",1945
"211","4","AT38",61783
"212","5","AT38",733145
"213","6","AT38",2075
"214","7","AT38",48625
"215","8","AT38",123842
"216","NaN","AT38",0
"217","1","AT39",542196
"218","2","AT39",23599
"219","3","AT39",84
"220","4","AT39",24854
"221","5","AT39",20369
"222","6","AT39",3283
"223","7","AT39",0
"224","8","AT39",264
"225","NaN","AT39",0
"226","1","AT40",1050795
"227","2","AT40",119159
"228","3","AT40",325
"229","4","AT40",101716
"230","5","AT40",109559
"231","6","AT40",542
"232","7","AT40",1592
"233","8","AT40",107105
"234","NaN","AT40",0
"235","1","AT41",497916
"236","2","AT41",43522
"237","3","AT41",256
"238","4","AT41",36266
"239","5","AT41",158023
"240","6","AT41",367
"241","7","AT41",10706
"242","8","AT41",21748
"243","NaN","AT41",0
"244","1","AT42",129326
"245","2","AT42",10314
"246","3","AT42",66
"247","4","AT42",1450
"248","5","AT42",8449
"249","6","AT42",14
"250","7","AT42",22
"251","8","AT42",0
"252","NaN","AT42",0
"253","1","AT43",662414
"254","2","AT43",21888
"255","3","AT43",2099
"256","4","AT43",5739
"257","5","AT43",21014
"258","6","AT43",23
"259","7","AT43",95
"260","8","AT43",2236
"261","NaN","AT43",0
"262","1","AT44",155313
"263","2","AT44",49931
"264","3","AT44",253
"265","4","AT44",182838
"266","5","AT44",16394
"267","6","AT44",934
"268","7","AT44",156
"269","8","AT44",2825
"270","NaN","AT44",0
"271","1","AT45",1069627
"272","2","AT45",198419
"273","3","AT45",943
"274","4","AT45",16898
"275","5","AT45",448370
"276","6","AT45",154
"277","7","AT45",1543
"278","8","AT45",6609
"279","NaN","AT45",0
"280","1","AT46",1379006
"281","2","AT46",16165
"282","3","AT46",3395
"283","4","AT46",10174
"284","5","AT46",19245
"285","6","AT46",433
"286","7","AT46",60
"287","8","AT46",1166
"288","NaN","AT46",0
"289","1","AT47",2215071
"290","2","AT47",22602
"291","3","AT47",2473
"292","4","AT47",14620
"293","5","AT47",21175
"294","6","AT47",185
"295","7","AT47",0
"296","8","AT47",313
"297","NaN","AT47",0
"298","1","AT48",28965
"299","2","AT48",1900
"300","3","AT48",9
"301","4","AT48",14663
"302","5","AT48",5142
"303","6","AT48",0
"304","7","AT48",0
"305","8","AT48",263
"306","NaN","AT48",0
"307","1","AT49",13803741
"308","2","AT49",105632
"309","3","AT49",55082
"310","4","AT49",57710
"311","5","AT49",87869
"312","6","AT49",1075
"313","7","AT49",387
"314","8","AT49",6296
"315","NaN","AT49",0
"316","1","AT50",1249985
"317","2","AT50",46915
"318","3","AT50",1593
"319","4","AT50",44720
"320","5","AT50",61227
"321","6","AT50",241
"322","7","AT50",554
"323","8","AT50",38621
"324","NaN","AT50",0
"325","1","AT51",4185469
"326","2","AT51",103599
"327","3","AT51",7321
"328","4","AT51",180985
"329","5","AT51",371314
"330","6","AT51",5161
"331","7","AT51",5856
"332","8","AT51",48802
"333","NaN","AT51",0
"334","1","AT52",75449
"335","2","AT52",10540
"336","3","AT52",0
"337","4","AT52",63
"338","5","AT52",22785
"339","6","AT52",0
"340","7","AT52",0
"341","8","AT52",155
"342","NaN","AT52",0
"343","1","AT53",36682
"344","2","AT53",5058
"345","3","AT53",22
"346","4","AT53",14612
"347","5","AT53",1443
"348","6","AT53",0
"349","7","AT53",5248
"350","8","AT53",4692
"351","NaN","AT53",0
"352","1","AT54",417058
"353","2","AT54",2549
"354","3","AT54",834
"355","4","AT54",95
"356","5","AT54",3565
"357","6","AT54",0
"358","7","AT54",10
"359","8","AT54",45190
"360","NaN","AT54",0
"361","1","AT55",1852319
"362","2","AT55",22076
"363","3","AT55",1288
"364","4","AT55",5074
"365","5","AT55",18232
"366","6","AT55",244
"367","7","AT55",60
"368","8","AT55",1675
"369","NaN","AT55",0
"370","1","AT56",1117542
"371","2","AT56",163997
"372","3","AT56",1350
"373","4","AT56",162804
"374","5","AT56",230186
"375","6","AT56",1994
"376","7","AT56",28840
"377","8","AT56",47331
"378","NaN","AT56",0
"379","1","AT57",236457
"380","2","AT57",23201
"381","3","AT57",6203
"382","4","AT57",29665
"383","5","AT57",18698
"384","6","AT57",663
"385","7","AT57",458
"386","8","AT57",27317
"387","NaN","AT57",0
"388","1","AT58",5551672
"389","2","AT58",32345
"390","3","AT58",6424
"391","4","AT58",14067
"392","5","AT58",24525
"393","6","AT58",204
"394","7","AT58",59
"395","8","AT58",1566
"396","NaN","AT58",0
"397","1","AZa1",40193
"398","2","AZa1",926
"399","3","AZa1",2
"400","4","AZa1",83
"401","5","AZa1",173
"402","6","AZa1",0
"403","7","AZa1",110
"404","8","AZa1",5274
"405","NaN","AZa1",0
"406","1","AZa2",208030
"407","2","AZa2",110066
"408","3","AZa2",3161
"409","4","AZa2",26258
"410","5","AZa2",432943
"411","6","AZa2",129
"412","7","AZa2",14002
"413","8","AZa2",82401
"414","NaN","AZa2",0
"415","1","AZa3",1260951
"416","2","AZa3",132360
"417","3","AZa3",41607
"418","4","AZa3",25603
"419","5","AZa3",647674
"420","6","AZa3",2288
"421","7","AZa3",50
"422","8","AZa3",66508
"423","NaN","AZa3",0
"424","1","AZa4",2883891
"425","2","AZa4",230389
"426","3","AZa4",18269
"427","4","AZa4",48086
"428","5","AZa4",1018395
"429","6","AZa4",15322
"430","7","AZa4",16873
"431","8","AZa4",237141
"432","NaN","AZa4",0
"433","1","AZa5",5235307
"434","2","AZa5",583030
"435","3","AZa5",747994
"436","4","AZa5",88576
"437","5","AZa5",1320750
"438","6","AZa5",21374
"439","7","AZa5",59575
"440","8","AZa5",31313
"441","NaN","AZa5",0
"442","1","AZa6",701005
"443","2","AZa6",124926
"444","3","AZa6",17202
"445","4","AZa6",118689
"446","5","AZa6",626683
"447","6","AZa6",1471
"448","7","AZa6",29471
"449","8","AZa6",14069
"450","NaN","AZa6",0
"451","1","AZa7",2136138
"452","2","AZa7",199748
"453","3","AZa7",59433
"454","4","AZa7",39330
"455","5","AZa7",709113
"456","6","AZa7",4630
"457","7","AZa7",54674
"458","8","AZa7",12273
"459","NaN","AZa7",1244
"460","1","AZd1",793
"461","2","AZd1",1448
"462","3","AZd1",166
"463","4","AZd1",0
"464","5","AZd1",0
"465","6","AZd1",13694
"466","7","AZd1",0
"467","8","AZd1",0
"468","NaN","AZd1",0
"469","1","AZd2",23792
"470","2","AZd2",475
"471","3","AZd2",5
"472","4","AZd2",69
"473","5","AZd2",0
"474","6","AZd2",8699
"475","7","AZd2",0
"476","8","AZd2",0
"477","NaN","AZd2",0
"478","1","AZd3",536739
"479","2","AZd3",6028
"480","3","AZd3",324
"481","4","AZd3",6157
"482","5","AZd3",0
"483","6","AZd3",126
"484","7","AZd3",5
"485","8","AZd3",1304
"486","NaN","AZd3",0
"487","1","AZd4",65612
"488","2","AZd4",2037
"489","3","AZd4",31
"490","4","AZd4",1723
"491","5","AZd4",0
"492","6","AZd4",361
"493","7","AZd4",378
"494","8","AZd4",63
"495","NaN","AZd4",54
"496","1","AZi1",2939700
"497","2","AZi1",158397
"498","3","AZi1",4862
"499","4","AZi1",14207
"500","5","AZi1",225274
"501","6","AZi1",5154
"502","7","AZi1",1549
"503","8","AZi1",60619
"504","NaN","AZi1",0
"505","1","AZi3",4785456
"506","2","AZi3",32696
"507","3","AZi3",120
"508","4","AZi3",20592
"509","5","AZi3",287
"510","6","AZi3",265
"511","7","AZi3",248
"512","8","AZi3",1085
"513","NaN","AZi3",2209
"514","1","AZi5",11992825
"515","2","AZi5",374018
"516","3","AZi5",67847
"517","4","AZi5",19929
"518","5","AZi5",420789
"519","6","AZi5",19737
"520","7","AZi5",2570
"521","8","AZi5",44773
"522","NaN","AZi5",0
"523","1","AZi6",11323104
"524","2","AZi6",581220
"525","3","AZi6",111149
"526","4","AZi6",136126
"527","5","AZi6",1074802
"528","6","AZi6",3456
"529","7","AZi6",13145
"530","8","AZi6",14338
"531","NaN","AZi6",0
"532","1","AZi7",4950788
"533","2","AZi7",228982
"534","3","AZi7",15468
"535","4","AZi7",11865
"536","5","AZi7",107505
"537","6","AZi7",487
"538","7","AZi7",1808
"539","8","AZi7",8361
"540","NaN","AZi7",0
"541","1","AZi8",342337
"542","2","AZi8",99947
"543","3","AZi8",3565
"544","4","AZi8",26296
"545","5","AZi8",525366
"546","6","AZi8",255
"547","7","AZi8",3102
"548","8","AZi8",17080
"549","NaN","AZi8",0
"550","1","AZs3",29930
"551","2","AZs3",1454
"552","3","AZs3",10
"553","4","AZs3",821
"554","5","AZs3",2
"555","6","AZs3",0
"556","7","AZs3",199
"557","8","AZs3",0
"558","NaN","AZs3",0
"559","1","CB1",2056691
"560","2","CB1",596282
"561","3","CB1",9071
"562","4","CB1",1008839
"563","5","CB1",494907
"564","6","CB1",29950
"565","7","CB1",1668935
"566","8","CB1",24679
"567","NaN","CB1",110
"568","1","CB2",985825
"569","2","CB2",243413
"570","3","CB2",309
"571","4","CB2",269569
"572","5","CB2",27295
"573","6","CB2",2595
"574","7","CB2",1259565
"575","8","CB2",16804
"576","NaN","CB2",0
"577","1","CB3",1389186
"578","2","CB3",1373683
"579","3","CB3",22380
"580","4","CB3",3426034
"581","5","CB3",3667757
"582","6","CB3",13238
"583","7","CB3",170640
"584","8","CB3",291599
"585","NaN","CB3",0
"586","1","CB4",1538189
"587","2","CB4",510854
"588","3","CB4",2819
"589","4","CB4",298141
"590","5","CB4",604539
"591","6","CB4",4069
"592","7","CB4",226608
"593","8","CB4",64537
"594","NaN","CB4",0
"595","1","CB5",2092101
"596","2","CB5",630462
"597","3","CB5",915
"598","4","CB5",873690
"599","5","CB5",337515
"600","6","CB5",1107
"601","7","CB5",34193
"602","8","CB5",155982
"603","NaN","CB5",0
"604","1","CB6",814471
"605","2","CB6",657793
"606","3","CB6",939
"607","4","CB6",846598
"608","5","CB6",248387
"609","6","CB6",5418
"610","7","CB6",15035
"611","8","CB6",214307
"612","NaN","CB6",0
"613","1","Dg1",832244
"614","2","Dg1",171
"615","3","Dg1",33
"616","4","Dg1",0
"617","5","Dg1",0
"618","6","Dg1",7385
"619","7","Dg1",0
"620","8","Dg1",0
"621","NaN","Dg1",0
"622","1","Dg10",5210115
"623","2","Dg10",7387
"624","3","Dg10",174
"625","4","Dg10",5155
"626","5","Dg10",3168
"627","6","Dg10",10121
"628","7","Dg10",1
"629","8","Dg10",584
"630","NaN","Dg10",0
"631","1","Dg2",903483
"632","2","Dg2",44
"633","3","Dg2",48
"634","4","Dg2",0
"635","5","Dg2",0
"636","6","Dg2",0
"637","7","Dg2",0
"638","8","Dg2",0
"639","NaN","Dg2",0
"640","1","Dg3",391172
"641","2","Dg3",136
"642","3","Dg3",1
"643","4","Dg3",17
"644","5","Dg3",0
"645","6","Dg3",8845
"646","7","Dg3",0
"647","8","Dg3",0
"648","NaN","Dg3",0
"649","1","Dg4",267982
"650","2","Dg4",141
"651","3","Dg4",183
"652","4","Dg4",0
"653","5","Dg4",0
"654","6","Dg4",1193
"655","7","Dg4",0
"656","8","Dg4",0
"657","NaN","Dg4",0
"658","1","Dg5",1479836
"659","2","Dg5",157
"660","3","Dg5",237
"661","4","Dg5",485
"662","5","Dg5",0
"663","6","Dg5",0
"664","7","Dg5",0
"665","8","Dg5",0
"666","NaN","Dg5",0
"667","1","Dg6",20267
"668","2","Dg6",17
"669","3","Dg6",0
"670","4","Dg6",275
"671","5","Dg6",0
"672","6","Dg6",0
"673","7","Dg6",0
"674","8","Dg6",0
"675","NaN","Dg6",0
"676","1","Dg7",610113
"677","2","Dg7",791
"678","3","Dg7",34
"679","4","Dg7",3292
"680","5","Dg7",1144
"681","6","Dg7",2138
"682","7","Dg7",0
"683","8","Dg7",0
"684","NaN","Dg7",0
"685","1","Dg8",857311
"686","2","Dg8",70
"687","3","Dg8",16
"688","4","Dg8",482
"689","5","Dg8",0
"690","6","Dg8",119
"691","7","Dg8",0
"692","8","Dg8",0
"693","NaN","Dg8",0
"694","1","Dg9",2995488
"695","2","Dg9",18413
"696","3","Dg9",38
"697","4","Dg9",18783
"698","5","Dg9",10238
"699","6","Dg9",1597
"700","7","Dg9",254
"701","8","Dg9",164
"702","NaN","Dg9",0
"703","1","Dn1",3383
"704","2","Dn1",1310
"705","3","Dn1",39
"706","4","Dn1",1366
"707","5","Dn1",0
"708","6","Dn1",36634
"709","7","Dn1",0
"710","8","Dn1",0
"711","NaN","Dn1",0
"712","1","Dn2",2525
"713","2","Dn2",230
"714","3","Dn2",0
"715","4","Dn2",0
"716","5","Dn2",0
"717","6","Dn2",1102
"718","7","Dn2",0
"719","8","Dn2",0
"720","NaN","Dn2",0
"721","1","Dn3",306496
"722","2","Dn3",10422
"723","3","Dn3",31
"724","4","Dn3",6343
"725","5","Dn3",0
"726","6","Dn3",26514
"727","7","Dn3",0
"728","8","Dn3",0
"729","NaN","Dn3",0
"730","1","Dn4",486903
"731","2","Dn4",6137
"732","3","Dn4",227
"733","4","Dn4",3831
"734","5","Dn4",2606
"735","6","Dn4",42833
"736","7","Dn4",0
"737","8","Dn4",0
"738","NaN","Dn4",0
"739","1","Dn5",961011
"740","2","Dn5",6644
"741","3","Dn5",280
"742","4","Dn5",4202
"743","5","Dn5",0
"744","6","Dn5",73552
"745","7","Dn5",0
"746","8","Dn5",0
"747","NaN","Dn5",0
"748","1","FFa1",126587
"749","2","FFa1",56498
"750","3","FFa1",19306
"751","4","FFa1",2436
"752","5","FFa1",239118
"753","6","FFa1",23
"754","7","FFa1",375
"755","8","FFa1",5820
"756","NaN","FFa1",0
"757","1","FFa2",323819
"758","2","FFa2",166399
"759","3","FFa2",11637
"760","4","FFa2",48693
"761","5","FFa2",586775
"762","6","FFa2",694
"763","7","FFa2",17556
"764","8","FFa2",98551
"765","NaN","FFa2",0
"766","1","FFa3",269441
"767","2","FFa3",189580
"768","3","FFa3",49394
"769","4","FFa3",92628
"770","5","FFa3",490165
"771","6","FFa3",316
"772","7","FFa3",28303
"773","8","FFa3",73058
"774","NaN","FFa3",0
"775","1","FFa4",8769
"776","2","FFa4",14544
"777","3","FFa4",573
"778","4","FFa4",48928
"779","5","FFa4",12290
"780","6","FFa4",2
"781","7","FFa4",456
"782","8","FFa4",4036
"783","NaN","FFa4",0
"784","1","FFb1",633610
"785","2","FFb1",20053
"786","3","FFb1",2698
"787","4","FFb1",1262
"788","5","FFb1",26917
"789","6","FFb1",20
"790","7","FFb1",1159
"791","8","FFb1",11953
"792","NaN","FFb1",0
"793","1","FFb2",275954
"794","2","FFb2",8616
"795","3","FFb2",147
"796","4","FFb2",119
"797","5","FFb2",2044
"798","6","FFb2",0
"799","7","FFb2",4884
"800","8","FFb2",44563
"801","NaN","FFb2",0
"802","1","FFb3",240780
"803","2","FFb3",130
"804","3","FFb3",31
"805","4","FFb3",69
"806","5","FFb3",145
"807","6","FFb3",0
"808","7","FFb3",52
"809","8","FFb3",3487
"810","NaN","FFb3",0
"811","1","FFb4",109532
"812","2","FFb4",4973
"813","3","FFb4",24
"814","4","FFb4",244
"815","5","FFb4",11040
"816","6","FFb4",0
"817","7","FFb4",3483
"818","8","FFb4",25610
"819","NaN","FFb4",0
"820","1","FFb5",225276
"821","2","FFb5",12627
"822","3","FFb5",293
"823","4","FFb5",611
"824","5","FFb5",17419
"825","6","FFb5",9
"826","7","FFb5",451
"827","8","FFb5",14288
"828","NaN","FFb5",0
"829","1","FFb6",45983
"830","2","FFb6",23760
"831","3","FFb6",1566
"832","4","FFb6",6333
"833","5","FFb6",62226
"834","6","FFb6",28
"835","7","FFb6",28028
"836","8","FFb6",27187
"837","NaN","FFb6",0
"838","1","FFc1",660376
"839","2","FFc1",252270
"840","3","FFc1",3822
"841","4","FFc1",22760
"842","5","FFc1",869561
"843","6","FFc1",495
"844","7","FFc1",52467
"845","8","FFc1",311161
"846","NaN","FFc1",0
"847","1","FFd1",2761303
"848","2","FFd1",304049
"849","3","FFd1",1
"850","4","FFd1",1086
"851","5","FFd1",176197
"852","6","FFd1",4418
"853","7","FFd1",3
"854","8","FFd1",5385
"855","NaN","FFd1",0
"856","1","FFd10",32952
"857","2","FFd10",20923
"858","3","FFd10",315
"859","4","FFd10",24033
"860","5","FFd10",13419
"861","6","FFd10",61
"862","7","FFd10",246006
"863","8","FFd10",41488
"864","NaN","FFd10",0
"865","1","FFd11",67229
"866","2","FFd11",4747
"867","3","FFd11",167
"868","4","FFd11",3703
"869","5","FFd11",31998
"870","6","FFd11",605
"871","7","FFd11",258
"872","8","FFd11",82818
"873","NaN","FFd11",0
"874","1","FFd2",1848733
"875","2","FFd2",862315
"876","3","FFd2",3583
"877","4","FFd2",24081
"878","5","FFd2",2350146
"879","6","FFd2",1042
"880","7","FFd2",5596
"881","8","FFd2",43656
"882","NaN","FFd2",0
"883","1","FFd3",1495163
"884","2","FFd3",393821
"885","3","FFd3",2363
"886","4","FFd3",19773
"887","5","FFd3",510094
"888","6","FFd3",274
"889","7","FFd3",1914
"890","8","FFd3",100579
"891","NaN","FFd3",0
"892","1","FFd4",514413
"893","2","FFd4",373813
"894","3","FFd4",2545
"895","4","FFd4",56210
"896","5","FFd4",450774
"897","6","FFd4",3817
"898","7","FFd4",8340
"899","8","FFd4",312697
"900","NaN","FFd4",0
"901","1","FFd5",147773
"902","2","FFd5",130246
"903","3","FFd5",4238
"904","4","FFd5",864579
"905","5","FFd5",158153
"906","6","FFd5",3821
"907","7","FFd5",9132
"908","8","FFd5",74392
"909","NaN","FFd5",0
"910","1","FFd6",87185
"911","2","FFd6",13733
"912","3","FFd6",263
"913","4","FFd6",74879
"914","5","FFd6",1582
"915","6","FFd6",158
"916","7","FFd6",2295
"917","8","FFd6",41357
"918","NaN","FFd6",0
"919","1","FFd7",238297
"920","2","FFd7",56756
"921","3","FFd7",926
"922","4","FFd7",5295
"923","5","FFd7",255391
"924","6","FFd7",173
"925","7","FFd7",1200
"926","8","FFd7",60574
"927","NaN","FFd7",0
"928","1","FFd8",101248
"929","2","FFd8",21046
"930","3","FFd8",89194
"931","4","FFd8",1826
"932","5","FFd8",21864
"933","6","FFd8",1342
"934","7","FFd8",395
"935","8","FFd8",7300
"936","NaN","FFd8",0
"937","1","FFd9",558974
"938","2","FFd9",201632
"939","3","FFd9",165
"940","4","FFd9",14027
"941","5","FFd9",408666
"942","6","FFd9",306
"943","7","FFd9",8071
"944","8","FFd9",101384
"945","NaN","FFd9",0
"946","1","FFf1",378131
"947","2","FFf1",245878
"948","3","FFf1",5051
"949","4","FFf1",22928
"950","5","FFf1",863983
"951","6","FFf1",566
"952","7","FFf1",12830
"953","8","FFf1",205637
"954","NaN","FFf1",0
"955","1","FFf2",34403
"956","2","FFf2",21927
"957","3","FFf2",111
"958","4","FFf2",377
"959","5","FFf2",30125
"960","6","FFf2",8
"961","7","FFf2",482
"962","8","FFf2",14037
"963","NaN","FFf2",0
"964","1","FFg1",160004
"965","2","FFg1",314
"966","3","FFg1",0
"967","4","FFg1",413
"968","5","FFg1",1261
"969","6","FFg1",0
"970","7","FFg1",0
"971","8","FFg1",52
"972","NaN","FFg1",0
"973","1","FFg2",465291
"974","2","FFg2",180694
"975","3","FFg2",21360
"976","4","FFg2",96245
"977","5","FFg2",212437
"978","6","FFg2",258
"979","7","FFg2",100061
"980","8","FFg2",233627
"981","NaN","FFg2",0
"982","1","FFg3",51454
"983","2","FFg3",21125
"984","3","FFg3",211
"985","4","FFg3",102347
"986","5","FFg3",10279
"987","6","FFg3",0
"988","7","FFg3",17494
"989","8","FFg3",26579
"990","NaN","FFg3",0
"991","1","FFg4",27698
"992","2","FFg4",2802
"993","3","FFg4",91
"994","4","FFg4",6
"995","5","FFg4",4100
"996","6","FFg4",0
"997","7","FFg4",0
"998","8","FFg4",7638
"999","NaN","FFg4",0
"1000","1","FFg5",226819
"1001","2","FFg5",153651
"1002","3","FFg5",4865
"1003","4","FFg5",127873
"1004","5","FFg5",471628
"1005","6","FFg5",1661
"1006","7","FFg5",41683
"1007","8","FFg5",217376
"1008","NaN","FFg5",0
"1009","1","FFh1",482568
"1010","2","FFh1",159879
"1011","3","FFh1",28868
"1012","4","FFh1",8962
"1013","5","FFh1",369117
"1014","6","FFh1",81
"1015","7","FFh1",6037
"1016","8","FFh1",14431
"1017","NaN","FFh1",0
"1018","1","FFh10",599420
"1019","2","FFh10",6797
"1020","3","FFh10",49
"1021","4","FFh10",447
"1022","5","FFh10",5170
"1023","6","FFh10",0
"1024","7","FFh10",835
"1025","8","FFh10",95451
"1026","NaN","FFh10",0
"1027","1","FFh11",8737
"1028","2","FFh11",3920
"1029","3","FFh11",35
"1030","4","FFh11",11968
"1031","5","FFh11",0
"1032","6","FFh11",1
"1033","7","FFh11",2232
"1034","8","FFh11",4680
"1035","NaN","FFh11",0
"1036","1","FFh2",253183
"1037","2","FFh2",8395
"1038","3","FFh2",148
"1039","4","FFh2",101
"1040","5","FFh2",4484
"1041","6","FFh2",5
"1042","7","FFh2",0
"1043","8","FFh2",19
"1044","NaN","FFh2",0
"1045","1","FFh3",153974
"1046","2","FFh3",17914
"1047","3","FFh3",576
"1048","4","FFh3",569
"1049","5","FFh3",9102
"1050","6","FFh3",52
"1051","7","FFh3",391
"1052","8","FFh3",5239
"1053","NaN","FFh3",0
"1054","1","FFh4",411347
"1055","2","FFh4",84934
"1056","3","FFh4",6486
"1057","4","FFh4",7450
"1058","5","FFh4",173761
"1059","6","FFh4",250
"1060","7","FFh4",10278
"1061","8","FFh4",97684
"1062","NaN","FFh4",0
"1063","1","FFh5",63283
"1064","2","FFh5",41681
"1065","3","FFh5",2144
"1066","4","FFh5",23336
"1067","5","FFh5",27664
"1068","6","FFh5",3
"1069","7","FFh5",25676
"1070","8","FFh5",26224
"1071","NaN","FFh5",0
"1072","1","FFh6",107328
"1073","2","FFh6",103231
"1074","3","FFh6",85209
"1075","4","FFh6",16554
"1076","5","FFh6",288371
"1077","6","FFh6",191
"1078","7","FFh6",37403
"1079","8","FFh6",60442
"1080","NaN","FFh6",0
"1081","1","FFh7",313101
"1082","2","FFh7",49425
"1083","3","FFh7",1734
"1084","4","FFh7",10497
"1085","5","FFh7",229143
"1086","6","FFh7",8
"1087","7","FFh7",5298
"1088","8","FFh7",57339
"1089","NaN","FFh7",0
"1090","1","FFh8",349723
"1091","2","FFh8",60045
"1092","3","FFh8",1083
"1093","4","FFh8",1610
"1094","5","FFh8",37350
"1095","6","FFh8",16
"1096","7","FFh8",5707
"1097","8","FFh8",11385
"1098","NaN","FFh8",0
"1099","1","FFh9",274704
"1100","2","FFh9",153367
"1101","3","FFh9",6374
"1102","4","FFh9",94665
"1103","5","FFh9",334359
"1104","6","FFh9",181
"1105","7","FFh9",210735
"1106","8","FFh9",334713
"1107","NaN","FFh9",0
"1108","1","FFl1",352532
"1109","2","FFl1",24611
"1110","3","FFl1",158
"1111","4","FFl1",20955
"1112","5","FFl1",27898
"1113","6","FFl1",63
"1114","7","FFl1",81
"1115","8","FFl1",291099
"1116","NaN","FFl1",0
"1117","1","FFl2",1288810
"1118","2","FFl2",30116
"1119","3","FFl2",452
"1120","4","FFl2",10177
"1121","5","FFl2",38058
"1122","6","FFl2",2579
"1123","7","FFl2",234
"1124","8","FFl2",365216
"1125","NaN","FFl2",0
"1126","1","FFl3",1313065
"1127","2","FFl3",89655
"1128","3","FFl3",6
"1129","4","FFl3",6414
"1130","5","FFl3",325362
"1131","6","FFl3",348
"1132","7","FFl3",1488
"1133","8","FFl3",242846
"1134","NaN","FFl3",0
"1135","1","FFq1",122560
"1136","2","FFq1",0
"1137","3","FFq1",0
"1138","4","FFq1",0
"1139","5","FFq1",0
"1140","6","FFq1",0
"1141","7","FFq1",0
"1142","8","FFq1",0
"1143","NaN","FFq1",0
"1144","1","FFq2",4041997
"1145","2","FFq2",42566
"1146","3","FFq2",1239
"1147","4","FFq2",2010
"1148","5","FFq2",26073
"1149","6","FFq2",54
"1150","7","FFq2",0
"1151","8","FFq2",1529
"1152","NaN","FFq2",0
"1153","1","FFq3",3123332
"1154","2","FFq3",31273
"1155","3","FFq3",519
"1156","4","FFq3",1425
"1157","5","FFq3",12013
"1158","6","FFq3",412
"1159","7","FFq3",61
"1160","8","FFq3",1178
"1161","NaN","FFq3",0
"1162","1","FFq4",226009
"1163","2","FFq4",5790
"1164","3","FFq4",747
"1165","4","FFq4",1993
"1166","5","FFq4",7433
"1167","6","FFq4",350
"1168","7","FFq4",25
"1169","8","FFq4",2293
"1170","NaN","FFq4",0
"1171","1","FFq5",968853
"1172","2","FFq5",916
"1173","3","FFq5",78
"1174","4","FFq5",210
"1175","5","FFq5",33
"1176","6","FFq5",0
"1177","7","FFq5",0
"1178","8","FFq5",1937
"1179","NaN","FFq5",0
"1180","1","FFq6",1473512
"1181","2","FFq6",17545
"1182","3","FFq6",231
"1183","4","FFq6",2174
"1184","5","FFq6",9496
"1185","6","FFq6",158
"1186","7","FFq6",7155
"1187","8","FFq6",197923
"1188","NaN","FFq6",0
"1189","1","FFs1",1974252
"1190","2","FFs1",158004
"1191","3","FFs1",563
"1192","4","FFs1",3144
"1193","5","FFs1",369174
"1194","6","FFs1",6
"1195","7","FFs1",3188
"1196","8","FFs1",27048
"1197","NaN","FFs1",0
"1198","1","FFs10",2267314
"1199","2","FFs10",46275
"1200","3","FFs10",4984
"1201","4","FFs10",6250
"1202","5","FFs10",21307
"1203","6","FFs10",169
"1204","7","FFs10",25936
"1205","8","FFs10",254321
"1206","NaN","FFs10",0
"1207","1","FFs11",1791779
"1208","2","FFs11",184806
"1209","3","FFs11",17305
"1210","4","FFs11",26097
"1211","5","FFs11",55204
"1212","6","FFs11",616
"1213","7","FFs11",92760
"1214","8","FFs11",117020
"1215","NaN","FFs11",0
"1216","1","FFs12",2220968
"1217","2","FFs12",167639
"1218","3","FFs12",1035
"1219","4","FFs12",28501
"1220","5","FFs12",115897
"1221","6","FFs12",954
"1222","7","FFs12",9834
"1223","8","FFs12",403692
"1224","NaN","FFs12",0
"1225","1","FFs13",1270970
"1226","2","FFs13",11468
"1227","3","FFs13",241
"1228","4","FFs13",561
"1229","5","FFs13",14048
"1230","6","FFs13",231
"1231","7","FFs13",21
"1232","8","FFs13",31220
"1233","NaN","FFs13",0
"1234","1","FFs14",703057
"1235","2","FFs14",18510
"1236","3","FFs14",825
"1237","4","FFs14",1099
"1238","5","FFs14",24345
"1239","6","FFs14",603
"1240","7","FFs14",19062
"1241","8","FFs14",129706
"1242","NaN","FFs14",0
"1243","1","FFs15",2174235
"1244","2","FFs15",90284
"1245","3","FFs15",1530
"1246","4","FFs15",9126
"1247","5","FFs15",112719
"1248","6","FFs15",576
"1249","7","FFs15",3817
"1250","8","FFs15",91657
"1251","NaN","FFs15",0
"1252","1","FFs16",2561597
"1253","2","FFs16",37104
"1254","3","FFs16",392
"1255","4","FFs16",2126
"1256","5","FFs16",17068
"1257","6","FFs16",38
"1258","7","FFs16",48299
"1259","8","FFs16",371683
"1260","NaN","FFs16",0
"1261","1","FFs17",227773
"1262","2","FFs17",9061
"1263","3","FFs17",121
"1264","4","FFs17",1059
"1265","5","FFs17",5635
"1266","6","FFs17",199
"1267","7","FFs17",1802
"1268","8","FFs17",22967
"1269","NaN","FFs17",0
"1270","1","FFs18",1691848
"1271","2","FFs18",142857
"1272","3","FFs18",1594
"1273","4","FFs18",4013
"1274","5","FFs18",201507
"1275","6","FFs18",35
"1276","7","FFs18",16216
"1277","8","FFs18",138943
"1278","NaN","FFs18",0
"1279","1","FFs19",1695902
"1280","2","FFs19",312912
"1281","3","FFs19",1755
"1282","4","FFs19",39402
"1283","5","FFs19",187289
"1284","6","FFs19",582
"1285","7","FFs19",766397
"1286","8","FFs19",923422
"1287","NaN","FFs19",0
"1288","1","FFs2",2297664
"1289","2","FFs2",248723
"1290","3","FFs2",3948
"1291","4","FFs2",15928
"1292","5","FFs2",740561
"1293","6","FFs2",448
"1294","7","FFs2",3814
"1295","8","FFs2",46781
"1296","NaN","FFs2",0
"1297","1","FFs20",2559809
"1298","2","FFs20",301847
"1299","3","FFs20",17530
"1300","4","FFs20",60060
"1301","5","FFs20",985406
"1302","6","FFs20",132
"1303","7","FFs20",461993
"1304","8","FFs20",1359470
"1305","NaN","FFs20",0
"1306","1","FFs21",791758
"1307","2","FFs21",362
"1308","3","FFs21",72
"1309","4","FFs21",62
"1310","5","FFs21",256
"1311","6","FFs21",0
"1312","7","FFs21",0
"1313","8","FFs21",3339
"1314","NaN","FFs21",0
"1315","1","FFs22",955846
"1316","2","FFs22",6288
"1317","3","FFs22",10
"1318","4","FFs22",166
"1319","5","FFs22",890
"1320","6","FFs22",0
"1321","7","FFs22",18
"1322","8","FFs22",7596
"1323","NaN","FFs22",0
"1324","1","FFs23",2112775
"1325","2","FFs23",9313
"1326","3","FFs23",415
"1327","4","FFs23",906
"1328","5","FFs23",4567
"1329","6","FFs23",10
"1330","7","FFs23",0
"1331","8","FFs23",2495
"1332","NaN","FFs23",0
"1333","1","FFs24",2686194
"1334","2","FFs24",2963
"1335","3","FFs24",575
"1336","4","FFs24",1049
"1337","5","FFs24",1571
"1338","6","FFs24",14
"1339","7","FFs24",156
"1340","8","FFs24",19449
"1341","NaN","FFs24",0
"1342","1","FFs25",824498
"1343","2","FFs25",3756
"1344","3","FFs25",67
"1345","4","FFs25",152
"1346","5","FFs25",183
"1347","6","FFs25",0
"1348","7","FFs25",0
"1349","8","FFs25",2765
"1350","NaN","FFs25",0
"1351","1","FFs26",697337
"1352","2","FFs26",14579
"1353","3","FFs26",132
"1354","4","FFs26",429
"1355","5","FFs26",27312
"1356","6","FFs26",0
"1357","7","FFs26",299
"1358","8","FFs26",20373
"1359","NaN","FFs26",0
"1360","1","FFs27",5095636
"1361","2","FFs27",187113
"1362","3","FFs27",649
"1363","4","FFs27",6090
"1364","5","FFs27",175205
"1365","6","FFs27",155
"1366","7","FFs27",248202
"1367","8","FFs27",294303
"1368","NaN","FFs27",0
"1369","1","FFs28",8600384
"1370","2","FFs28",310505
"1371","3","FFs28",3840
"1372","4","FFs28",61730
"1373","5","FFs28",465344
"1374","6","FFs28",395
"1375","7","FFs28",47377
"1376","8","FFs28",640875
"1377","NaN","FFs28",0
"1378","1","FFs29",217747
"1379","2","FFs29",78811
"1380","3","FFs29",362
"1381","4","FFs29",320937
"1382","5","FFs29",91834
"1383","6","FFs29",1381
"1384","7","FFs29",12963
"1385","8","FFs29",111456
"1386","NaN","FFs29",0
"1387","1","FFs3",1130965
"1388","2","FFs3",39751
"1389","3","FFs3",192
"1390","4","FFs3",1340
"1391","5","FFs3",29899
"1392","6","FFs3",0
"1393","7","FFs3",1057
"1394","8","FFs3",42392
"1395","NaN","FFs3",0
"1396","1","FFs30",93697
"1397","2","FFs30",26
"1398","3","FFs30",13
"1399","4","FFs30",73
"1400","5","FFs30",0
"1401","6","FFs30",0
"1402","7","FFs30",0
"1403","8","FFs30",4
"1404","NaN","FFs30",0
"1405","1","FFs31",126961
"1406","2","FFs31",99
"1407","3","FFs31",1
"1408","4","FFs31",12
"1409","5","FFs31",0
"1410","6","FFs31",0
"1411","7","FFs31",0
"1412","8","FFs31",14
"1413","NaN","FFs31",0
"1414","1","FFs32",883762
"1415","2","FFs32",126416
"1416","3","FFs32",75
"1417","4","FFs32",946
"1418","5","FFs32",356636
"1419","6","FFs32",0
"1420","7","FFs32",17
"1421","8","FFs32",2020
"1422","NaN","FFs32",0
"1423","1","FFs4",5527907
"1424","2","FFs4",246376
"1425","3","FFs4",7116
"1426","4","FFs4",10297
"1427","5","FFs4",454608
"1428","6","FFs4",292
"1429","7","FFs4",8514
"1430","8","FFs4",53990
"1431","NaN","FFs4",0
"1432","1","FFs5",2586092
"1433","2","FFs5",102964
"1434","3","FFs5",11900
"1435","4","FFs5",4923
"1436","5","FFs5",85535
"1437","6","FFs5",253
"1438","7","FFs5",6746
"1439","8","FFs5",41552
"1440","NaN","FFs5",0
"1441","1","FFs6",868964
"1442","2","FFs6",45209
"1443","3","FFs6",1515
"1444","4","FFs6",5793
"1445","5","FFs6",74384
"1446","6","FFs6",402
"1447","7","FFs6",3123
"1448","8","FFs6",57801
"1449","NaN","FFs6",0
"1450","1","FFs7",917358
"1451","2","FFs7",13388
"1452","3","FFs7",4688
"1453","4","FFs7",1247
"1454","5","FFs7",36998
"1455","6","FFs7",40
"1456","7","FFs7",1110
"1457","8","FFs7",10349
"1458","NaN","FFs7",0
"1459","1","FFs8",771159
"1460","2","FFs8",3256
"1461","3","FFs8",503
"1462","4","FFs8",1092
"1463","5","FFs8",4932
"1464","6","FFs8",56
"1465","7","FFs8",193
"1466","8","FFs8",18175
"1467","NaN","FFs8",0
"1468","1","FFs9",453389
"1469","2","FFs9",13379
"1470","3","FFs9",869
"1471","4","FFs9",18499
"1472","5","FFs9",374
"1473","6","FFs9",23
"1474","7","FFs9",7282
"1475","8","FFs9",54801
"1476","NaN","FFs9",0
"1477","1","FFt1",963953
"1478","2","FFt1",9070
"1479","3","FFt1",241
"1480","4","FFt1",522
"1481","5","FFt1",13131
"1482","6","FFt1",4
"1483","7","FFt1",64
"1484","8","FFt1",25401
"1485","NaN","FFt1",0
"1486","1","FFt2",366917
"1487","2","FFt2",20753
"1488","3","FFt2",95
"1489","4","FFt2",5709
"1490","5","FFt2",47285
"1491","6","FFt2",58
"1492","7","FFt2",79
"1493","8","FFt2",87010
"1494","NaN","FFt2",0
"1495","1","FOa1",332670
"1496","2","FOa1",26344
"1497","3","FOa1",1573
"1498","4","FOa1",550
"1499","5","FOa1",79364
"1500","6","FOa1",0
"1501","7","FOa1",20
"1502","8","FOa1",872
"1503","NaN","FOa1",0
"1504","1","FOa2",181917
"1505","2","FOa2",52322
"1506","3","FOa2",192
"1507","4","FOa2",3478
"1508","5","FOa2",11009
"1509","6","FOa2",36
"1510","7","FOa2",2045
"1511","8","FOa2",256
"1512","NaN","FOa2",0
"1513","1","FOa3",51356
"1514","2","FOa3",3208
"1515","3","FOa3",308
"1516","4","FOa3",4502
"1517","5","FOa3",66
"1518","6","FOa3",67
"1519","7","FOa3",3
"1520","8","FOa3",39
"1521","NaN","FOa3",0
"1522","1","FOz1",1482980
"1523","2","FOz1",337820
"1524","3","FOz1",202
"1525","4","FOz1",2879
"1526","5","FOz1",30674
"1527","6","FOz1",2
"1528","7","FOz1",18100
"1529","8","FOz1",97550
"1530","NaN","FOz1",0
"1531","1","FOz2",441034
"1532","2","FOz2",71817
"1533","3","FOz2",25
"1534","4","FOz2",324
"1535","5","FOz2",115
"1536","6","FOz2",1
"1537","7","FOz2",6849
"1538","8","FOz2",15018
"1539","NaN","FOz2",0
"1540","1","FOz3",2097153
"1541","2","FOz3",425969
"1542","3","FOz3",84
"1543","4","FOz3",1423
"1544","5","FOz3",1131
"1545","6","FOz3",2
"1546","7","FOz3",16200
"1547","8","FOz3",113725
"1548","NaN","FOz3",0
"1549","1","FOz4",689292
"1550","2","FOz4",233847
"1551","3","FOz4",35
"1552","4","FOz4",54
"1553","5","FOz4",1122
"1554","6","FOz4",0
"1555","7","FOz4",16062
"1556","8","FOz4",32984
"1557","NaN","FOz4",0
"1558","1","FOz5",2325699
"1559","2","FOz5",163844
"1560","3","FOz5",337
"1561","4","FOz5",5696
"1562","5","FOz5",33756
"1563","6","FOz5",334
"1564","7","FOz5",4262
"1565","8","FOz5",39767
"1566","NaN","FOz5",58
"1567","1","FOz6",368549
"1568","2","FOz6",32643
"1569","3","FOz6",0
"1570","4","FOz6",463
"1571","5","FOz6",52629
"1572","6","FOz6",0
"1573","7","FOz6",29
"1574","8","FOz6",8773
"1575","NaN","FOz6",0
"1576","1","FOz7",1284646
"1577","2","FOz7",309275
"1578","3","FOz7",2029
"1579","4","FOz7",52471
"1580","5","FOz7",17851
"1581","6","FOz7",21381
"1582","7","FOz7",10586
"1583","8","FOz7",2725
"1584","NaN","FOz7",173
"1585","1","FOz8",610568
"1586","2","FOz8",40308
"1587","3","FOz8",469
"1588","4","FOz8",5907
"1589","5","FOz8",6324
"1590","6","FOz8",0
"1591","7","FOz8",107
"1592","8","FOz8",45
"1593","NaN","FOz8",0
"1594","1","FOz9",199296
"1595","2","FOz9",288
"1596","3","FOz9",5
"1597","4","FOz9",1
"1598","5","FOz9",667
"1599","6","FOz9",0
"1600","7","FOz9",0
"1601","8","FOz9",3855
"1602","NaN","FOz9",0
"1603","1","FRa1",374551
"1604","2","FRa1",203809
"1605","3","FRa1",19949
"1606","4","FRa1",74297
"1607","5","FRa1",506320
"1608","6","FRa1",630
"1609","7","FRa1",3168
"1610","8","FRa1",61466
"1611","NaN","FRa1",0
"1612","1","FRa2",80248
"1613","2","FRa2",17234
"1614","3","FRa2",167
"1615","4","FRa2",3852
"1616","5","FRa2",44767
"1617","6","FRa2",0
"1618","7","FRa2",327
"1619","8","FRa2",11085
"1620","NaN","FRa2",0
"1621","1","FRc1",27744
"1622","2","FRc1",32116
"1623","3","FRc1",665
"1624","4","FRc1",5989
"1625","5","FRc1",179756
"1626","6","FRc1",535
"1627","7","FRc1",1588
"1628","8","FRc1",4261
"1629","NaN","FRc1",0
"1630","1","FRc2",63044
"1631","2","FRc2",55568
"1632","3","FRc2",441
"1633","4","FRc2",6185
"1634","5","FRc2",386193
"1635","6","FRc2",932
"1636","7","FRc2",3836
"1637","8","FRc2",8191
"1638","NaN","FRc2",0
"1639","1","FRd1",465639
"1640","2","FRd1",26960
"1641","3","FRd1",1643
"1642","4","FRd1",903
"1643","5","FRd1",25548
"1644","6","FRd1",46
"1645","7","FRd1",542
"1646","8","FRd1",27455
"1647","NaN","FRd1",0
"1648","1","FRd2",1412626
"1649","2","FRd2",18304
"1650","3","FRd2",690
"1651","4","FRd2",667
"1652","5","FRd2",14326
"1653","6","FRd2",14
"1654","7","FRd2",0
"1655","8","FRd2",688
"1656","NaN","FRd2",0
"1657","1","FRg1",631674
"1658","2","FRg1",46666
"1659","3","FRg1",106
"1660","4","FRg1",1529
"1661","5","FRg1",83543
"1662","6","FRg1",35
"1663","7","FRg1",0
"1664","8","FRg1",296
"1665","NaN","FRg1",0
"1666","1","FRg2",289544
"1667","2","FRg2",337861
"1668","3","FRg2",12465
"1669","4","FRg2",125415
"1670","5","FRg2",1491434
"1671","6","FRg2",2112
"1672","7","FRg2",24356
"1673","8","FRg2",95165
"1674","NaN","FRg2",0
"1675","1","FRg3",39995
"1676","2","FRg3",516
"1677","3","FRg3",0
"1678","4","FRg3",17
"1679","5","FRg3",316
"1680","6","FRg3",0
"1681","7","FRg3",7
"1682","8","FRg3",7088
"1683","NaN","FRg3",0
"1684","1","FRl1",1031646
"1685","2","FRl1",69577
"1686","3","FRl1",3585
"1687","4","FRl1",4948
"1688","5","FRl1",93840
"1689","6","FRl1",42
"1690","7","FRl1",527
"1691","8","FRl1",50057
"1692","NaN","FRl1",0
"1693","1","FRs1",475550
"1694","2","FRs1",17077
"1695","3","FRs1",109
"1696","4","FRs1",283
"1697","5","FRs1",10354
"1698","6","FRs1",0
"1699","7","FRs1",326
"1700","8","FRs1",14566
"1701","NaN","FRs1",0
"1702","1","FRs10",4933
"1703","2","FRs10",5842
"1704","3","FRs10",109
"1705","4","FRs10",49784
"1706","5","FRs10",0
"1707","6","FRs10",0
"1708","7","FRs10",1166
"1709","8","FRs10",1350
"1710","NaN","FRs10",0
"1711","1","FRs11",293673
"1712","2","FRs11",243516
"1713","3","FRs11",60372
"1714","4","FRs11",35803
"1715","5","FRs11",2246773
"1716","6","FRs11",375
"1717","7","FRs11",14714
"1718","8","FRs11",88950
"1719","NaN","FRs11",0
"1720","1","FRs12",405530
"1721","2","FRs12",323265
"1722","3","FRs12",4116
"1723","4","FRs12",39934
"1724","5","FRs12",4199972
"1725","6","FRs12",557
"1726","7","FRs12",11658
"1727","8","FRs12",83733
"1728","NaN","FRs12",0
"1729","1","FRs13",836708
"1730","2","FRs13",595705
"1731","3","FRs13",3247
"1732","4","FRs13",45540
"1733","5","FRs13",5253002
"1734","6","FRs13",3333
"1735","7","FRs13",11184
"1736","8","FRs13",157706
"1737","NaN","FRs13",0
"1738","1","FRs14",597625
"1739","2","FRs14",234792
"1740","3","FRs14",1419
"1741","4","FRs14",21158
"1742","5","FRs14",1089143
"1743","6","FRs14",2319
"1744","7","FRs14",1133
"1745","8","FRs14",218738
"1746","NaN","FRs14",0
"1747","1","FRs15",657626
"1748","2","FRs15",15763
"1749","3","FRs15",544
"1750","4","FRs15",1635
"1751","5","FRs15",12059
"1752","6","FRs15",0
"1753","7","FRs15",415
"1754","8","FRs15",2984
"1755","NaN","FRs15",0
"1756","1","FRs16",2740004
"1757","2","FRs16",165866
"1758","3","FRs16",3355
"1759","4","FRs16",13955
"1760","5","FRs16",425836
"1761","6","FRs16",269
"1762","7","FRs16",88
"1763","8","FRs16",20288
"1764","NaN","FRs16",0
"1765","1","FRs17",115050
"1766","2","FRs17",68885
"1767","3","FRs17",6047
"1768","4","FRs17",17525
"1769","5","FRs17",256198
"1770","6","FRs17",131
"1771","7","FRs17",8638
"1772","8","FRs17",45372
"1773","NaN","FRs17",0
"1774","1","FRs18",296099
"1775","2","FRs18",44
"1776","3","FRs18",1
"1777","4","FRs18",4
"1778","5","FRs18",66
"1779","6","FRs18",0
"1780","7","FRs18",0
"1781","8","FRs18",592
"1782","NaN","FRs18",0
"1783","1","FRs19",292380
"1784","2","FRs19",85499
"1785","3","FRs19",5710
"1786","4","FRs19",29402
"1787","5","FRs19",420640
"1788","6","FRs19",1888
"1789","7","FRs19",9
"1790","8","FRs19",97347
"1791","NaN","FRs19",0
"1792","1","FRs2",258834
"1793","2","FRs2",87980
"1794","3","FRs2",133
"1795","4","FRs2",4681
"1796","5","FRs2",192372
"1797","6","FRs2",65
"1798","7","FRs2",1015
"1799","8","FRs2",2012
"1800","NaN","FRs2",0
"1801","1","FRs20",26128
"1802","2","FRs20",17497
"1803","3","FRs20",3402
"1804","4","FRs20",8844
"1805","5","FRs20",58156
"1806","6","FRs20",29
"1807","7","FRs20",957
"1808","8","FRs20",2465
"1809","NaN","FRs20",0
"1810","1","FRs3",7868511
"1811","2","FRs3",88511
"1812","3","FRs3",8459
"1813","4","FRs3",6177
"1814","5","FRs3",68907
"1815","6","FRs3",570
"1816","7","FRs3",390
"1817","8","FRs3",2155
"1818","NaN","FRs3",0
"1819","1","FRs4",510171
"1820","2","FRs4",209960
"1821","3","FRs4",19073
"1822","4","FRs4",29977
"1823","5","FRs4",440398
"1824","6","FRs4",78
"1825","7","FRs4",1442
"1826","8","FRs4",18275
"1827","NaN","FRs4",0
"1828","1","FRs5",2996337
"1829","2","FRs5",81969
"1830","3","FRs5",1484
"1831","4","FRs5",2891
"1832","5","FRs5",6669
"1833","6","FRs5",267
"1834","7","FRs5",160
"1835","8","FRs5",1507
"1836","NaN","FRs5",0
"1837","1","FRs6",4517419
"1838","2","FRs6",396550
"1839","3","FRs6",7872
"1840","4","FRs6",19042
"1841","5","FRs6",288899
"1842","6","FRs6",1619
"1843","7","FRs6",662
"1844","8","FRs6",7551
"1845","NaN","FRs6",0
"1846","1","FRs7",3192501
"1847","2","FRs7",357751
"1848","3","FRs7",10842
"1849","4","FRs7",31666
"1850","5","FRs7",377489
"1851","6","FRs7",346
"1852","7","FRs7",7877
"1853","8","FRs7",41151
"1854","NaN","FRs7",0
"1855","1","FRs8",1466495
"1856","2","FRs8",371476
"1857","3","FRs8",15620
"1858","4","FRs8",41450
"1859","5","FRs8",613205
"1860","6","FRs8",3827
"1861","7","FRs8",37617
"1862","8","FRs8",74708
"1863","NaN","FRs8",0
"1864","1","FRs9",997430
"1865","2","FRs9",1035215
"1866","3","FRs9",40784
"1867","4","FRs9",324282
"1868","5","FRs9",9712265
"1869","6","FRs9",26413
"1870","7","FRs9",54833
"1871","8","FRs9",218164
"1872","NaN","FRs9",0
"1873","1","FS1",584947
"1874","2","FS1",143185
"1875","3","FS1",72
"1876","4","FS1",16574
"1877","5","FS1",134339
"1878","6","FS1",1753
"1879","7","FS1",291
"1880","8","FS1",4533
"1881","NaN","FS1",0
"1882","1","FS10",473915
"1883","2","FS10",5626
"1884","3","FS10",42
"1885","4","FS10",37158
"1886","5","FS10",262
"1887","6","FS10",226
"1888","7","FS10",21
"1889","8","FS10",289940
"1890","NaN","FS10",0
"1891","1","FS11",56836
"1892","2","FS11",79
"1893","3","FS11",0
"1894","4","FS11",295
"1895","5","FS11",7
"1896","6","FS11",0
"1897","7","FS11",0
"1898","8","FS11",41784
"1899","NaN","FS11",0
"1900","1","FS12",172962
"1901","2","FS12",9778
"1902","3","FS12",40
"1903","4","FS12",59469
"1904","5","FS12",0
"1905","6","FS12",452
"1906","7","FS12",393
"1907","8","FS12",54554
"1908","NaN","FS12",0
"1909","1","FS13",73765
"1910","2","FS13",1222
"1911","3","FS13",3
"1912","4","FS13",12223
"1913","5","FS13",2
"1914","6","FS13",0
"1915","7","FS13",2799
"1916","8","FS13",14096
"1917","NaN","FS13",0
"1918","1","FS14",111228
"1919","2","FS14",1750
"1920","3","FS14",162
"1921","4","FS14",26623
"1922","5","FS14",1393
"1923","6","FS14",54
"1924","7","FS14",0
"1925","8","FS14",101103
"1926","NaN","FS14",0
"1927","1","FS2",189961
"1928","2","FS2",79327
"1929","3","FS2",51
"1930","4","FS2",59355
"1931","5","FS2",404428
"1932","6","FS2",7359
"1933","7","FS2",780
"1934","8","FS2",5800
"1935","NaN","FS2",0
"1936","1","FS3",1399544
"1937","2","FS3",779829
"1938","3","FS3",1874
"1939","4","FS3",72291
"1940","5","FS3",1772749
"1941","6","FS3",23241
"1942","7","FS3",6406
"1943","8","FS3",52578
"1944","NaN","FS3",0
"1945","1","FS4",121785
"1946","2","FS4",18158
"1947","3","FS4",0
"1948","4","FS4",4379
"1949","5","FS4",6987
"1950","6","FS4",561
"1951","7","FS4",1
"1952","8","FS4",2039
"1953","NaN","FS4",0
"1954","1","FS5",645609
"1955","2","FS5",52265
"1956","3","FS5",1687
"1957","4","FS5",47610
"1958","5","FS5",22849
"1959","6","FS5",3787
"1960","7","FS5",211
"1961","8","FS5",86893
"1962","NaN","FS5",0
"1963","1","FS6",275468
"1964","2","FS6",32294
"1965","3","FS6",4491
"1966","4","FS6",467689
"1967","5","FS6",20423
"1968","6","FS6",12135
"1969","7","FS6",2394
"1970","8","FS6",182413
"1971","NaN","FS6",0
"1972","1","FS7",56094
"1973","2","FS7",3464
"1974","3","FS7",63
"1975","4","FS7",10810
"1976","5","FS7",8998
"1977","6","FS7",0
"1978","7","FS7",0
"1979","8","FS7",37643
"1980","NaN","FS7",0
"1981","1","FS9",11865
"1982","2","FS9",11502
"1983","3","FS9",83
"1984","4","FS9",6348
"1985","5","FS9",18919
"1986","6","FS9",0
"1987","7","FS9",2222
"1988","8","FS9",19036
"1989","NaN","FS9",0
"1990","1","Gd1",9866609
"1991","2","Gd1",501857
"1992","3","Gd1",42133
"1993","4","Gd1",153660
"1994","5","Gd1",551325
"1995","6","Gd1",812
"1996","7","Gd1",810261
"1997","8","Gd1",640710
"1998","NaN","Gd1",0
"1999","1","Gd10",6883203
"2000","2","Gd10",672
"2001","3","Gd10",7614
"2002","4","Gd10",1532
"2003","5","Gd10",183942
"2004","6","Gd10",0
"2005","7","Gd10",0
"2006","8","Gd10",7
"2007","NaN","Gd10",0
"2008","1","Gd2",377688
"2009","2","Gd2",2491
"2010","3","Gd2",126
"2011","4","Gd2",195
"2012","5","Gd2",2386
"2013","6","Gd2",16
"2014","7","Gd2",6630
"2015","8","Gd2",6277
"2016","NaN","Gd2",0
"2017","1","Gd3",6008571
"2018","2","Gd3",443909
"2019","3","Gd3",43435
"2020","4","Gd3",38140
"2021","5","Gd3",860402
"2022","6","Gd3",1831
"2023","7","Gd3",4581
"2024","8","Gd3",14584
"2025","NaN","Gd3",0
"2026","1","Gd4",14697010
"2027","2","Gd4",356273
"2028","3","Gd4",10180
"2029","4","Gd4",155828
"2030","5","Gd4",871757
"2031","6","Gd4",1011
"2032","7","Gd4",237869
"2033","8","Gd4",287637
"2034","NaN","Gd4",0
"2035","1","Gd5",2757167
"2036","2","Gd5",77613
"2037","3","Gd5",9167
"2038","4","Gd5",120578
"2039","5","Gd5",85004
"2040","6","Gd5",250
"2041","7","Gd5",10961
"2042","8","Gd5",33065
"2043","NaN","Gd5",0
"2044","1","Gd6",52820
"2045","2","Gd6",54
"2046","3","Gd6",1
"2047","4","Gd6",1
"2048","5","Gd6",117
"2049","6","Gd6",0
"2050","7","Gd6",1
"2051","8","Gd6",1049
"2052","NaN","Gd6",0
"2053","1","Gd7",3360328
"2054","2","Gd7",1121
"2055","3","Gd7",629
"2056","4","Gd7",305
"2057","5","Gd7",370
"2058","6","Gd7",0
"2059","7","Gd7",136
"2060","8","Gd7",4477
"2061","NaN","Gd7",0
"2062","1","Gd8",43214760
"2063","2","Gd8",60631
"2064","3","Gd8",116973
"2065","4","Gd8",11569
"2066","5","Gd8",7003988
"2067","6","Gd8",242
"2068","7","Gd8",1402
"2069","8","Gd8",13656
"2070","NaN","Gd8",0
"2071","1","Gd9",4639982
"2072","2","Gd9",0
"2073","3","Gd9",569
"2074","4","Gd9",4260
"2075","5","Gd9",875916
"2076","6","Gd9",0
"2077","7","Gd9",0
"2078","8","Gd9",0
"2079","NaN","Gd9",0
"2080","1","Gh1",20299738
"2081","2","Gh1",242165
"2082","3","Gh1",34716
"2083","4","Gh1",43025
"2084","5","Gh1",244958
"2085","6","Gh1",1303
"2086","7","Gh1",14053
"2087","8","Gh1",46595
"2088","NaN","Gh1",0
"2089","1","Gh10",14505333
"2090","2","Gh10",5303318
"2091","3","Gh10",251229
"2092","4","Gh10",670642
"2093","5","Gh10",43312980
"2094","6","Gh10",177298
"2095","7","Gh10",665301
"2096","8","Gh10",28209
"2097","NaN","Gh10",0
"2098","1","Gh11",1034341
"2099","2","Gh11",236282
"2100","3","Gh11",6885
"2101","4","Gh11",76479
"2102","5","Gh11",907743
"2103","6","Gh11",1214
"2104","7","Gh11",37860
"2105","8","Gh11",8088
"2106","NaN","Gh11",0
"2107","1","Gh12",550849
"2108","2","Gh12",107790
"2109","3","Gh12",2291
"2110","4","Gh12",60109
"2111","5","Gh12",27729
"2112","6","Gh12",65968
"2113","7","Gh12",7029
"2114","8","Gh12",1973
"2115","NaN","Gh12",0
"2116","1","Gh13",5294166
"2117","2","Gh13",1227301
"2118","3","Gh13",14673
"2119","4","Gh13",298296
"2120","5","Gh13",2492685
"2121","6","Gh13",13154
"2122","7","Gh13",60035
"2123","8","Gh13",15246
"2124","NaN","Gh13",0
"2125","1","Gh14",9182085
"2126","2","Gh14",2549596
"2127","3","Gh14",72205
"2128","4","Gh14",392479
"2129","5","Gh14",10601157
"2130","6","Gh14",59470
"2131","7","Gh14",104855
"2132","8","Gh14",6677
"2133","NaN","Gh14",0
"2134","1","Gh15",13640014
"2135","2","Gh15",2366234
"2136","3","Gh15",33874
"2137","4","Gh15",1455737
"2138","5","Gh15",3632362
"2139","6","Gh15",52867
"2140","7","Gh15",282682
"2141","8","Gh15",32429
"2142","NaN","Gh15",0
"2143","1","Gh2",14105925
"2144","2","Gh2",975847
"2145","3","Gh2",180851
"2146","4","Gh2",51013
"2147","5","Gh2",2458405
"2148","6","Gh2",2372
"2149","7","Gh2",88514
"2150","8","Gh2",45154
"2151","NaN","Gh2",0
"2152","1","Gh3",30880936
"2153","2","Gh3",652483
"2154","3","Gh3",673744
"2155","4","Gh3",84790
"2156","5","Gh3",1073130
"2157","6","Gh3",11280
"2158","7","Gh3",92711
"2159","8","Gh3",12018
"2160","NaN","Gh3",0
"2161","1","Gh4",23097623
"2162","2","Gh4",254024
"2163","3","Gh4",433542
"2164","4","Gh4",47278
"2165","5","Gh4",296414
"2166","6","Gh4",5241
"2167","7","Gh4",34822
"2168","8","Gh4",25482
"2169","NaN","Gh4",0
"2170","1","Gh5",6437737
"2171","2","Gh5",749732
"2172","3","Gh5",41711
"2173","4","Gh5",676768
"2174","5","Gh5",4377480
"2175","6","Gh5",8406
"2176","7","Gh5",77958
"2177","8","Gh5",4204
"2178","NaN","Gh5",0
"2179","1","Gh6",26165426
"2180","2","Gh6",2380389
"2181","3","Gh6",313208
"2182","4","Gh6",577991
"2183","5","Gh6",10099911
"2184","6","Gh6",84401
"2185","7","Gh6",356148
"2186","8","Gh6",54777
"2187","NaN","Gh6",0
"2188","1","Gh7",3212160
"2189","2","Gh7",169993
"2190","3","Gh7",12023
"2191","4","Gh7",206032
"2192","5","Gh7",293857
"2193","6","Gh7",3195
"2194","7","Gh7",29414
"2195","8","Gh7",3203
"2196","NaN","Gh7",0
"2197","1","Gh8",164341
"2198","2","Gh8",10660
"2199","3","Gh8",357
"2200","4","Gh8",8438
"2201","5","Gh8",13470
"2202","6","Gh8",514
"2203","7","Gh8",2401
"2204","8","Gh8",986
"2205","NaN","Gh8",0
"2206","1","Gh9",13267493
"2207","2","Gh9",1115926
"2208","3","Gh9",83545
"2209","4","Gh9",86741
"2210","5","Gh9",3026308
"2211","6","Gh9",36877
"2212","7","Gh9",68872
"2213","8","Gh9",0
"2214","NaN","Gh9",0
"2215","1","Gm1",7005030
"2216","2","Gm1",502988
"2217","3","Gm1",41959
"2218","4","Gm1",322601
"2219","5","Gm1",2717512
"2220","6","Gm1",2628
"2221","7","Gm1",49542
"2222","8","Gm1",27986
"2223","NaN","Gm1",0
"2224","1","Gm10",441212
"2225","2","Gm10",351304
"2226","3","Gm10",10874
"2227","4","Gm10",1696309
"2228","5","Gm10",126303
"2229","6","Gm10",25125
"2230","7","Gm10",65229
"2231","8","Gm10",16646
"2232","NaN","Gm10",0
"2233","1","Gm11",10330003
"2234","2","Gm11",3823032
"2235","3","Gm11",161722
"2236","4","Gm11",1319565
"2237","5","Gm11",9551017
"2238","6","Gm11",249076
"2239","7","Gm11",644346
"2240","8","Gm11",193415
"2241","NaN","Gm11",0
"2242","1","Gm12",9068061
"2243","2","Gm12",6402260
"2244","3","Gm12",455238
"2245","4","Gm12",956220
"2246","5","Gm12",10899369
"2247","6","Gm12",1095111
"2248","7","Gm12",2854123
"2249","8","Gm12",200470
"2250","NaN","Gm12",0
"2251","1","Gm13",5295440
"2252","2","Gm13",1378782
"2253","3","Gm13",36140
"2254","4","Gm13",180637
"2255","5","Gm13",2775335
"2256","6","Gm13",10973
"2257","7","Gm13",120114
"2258","8","Gm13",20209
"2259","NaN","Gm13",0
"2260","1","Gm14",7235781
"2261","2","Gm14",673354
"2262","3","Gm14",48388
"2263","4","Gm14",38971
"2264","5","Gm14",941734
"2265","6","Gm14",1763
"2266","7","Gm14",296534
"2267","8","Gm14",139500
"2268","NaN","Gm14",0
"2269","1","Gm15",4746669
"2270","2","Gm15",1196506
"2271","3","Gm15",14374
"2272","4","Gm15",329384
"2273","5","Gm15",1068615
"2274","6","Gm15",3890
"2275","7","Gm15",3011671
"2276","8","Gm15",171015
"2277","NaN","Gm15",0
"2278","1","Gm16",13052925
"2279","2","Gm16",1702709
"2280","3","Gm16",54153
"2281","4","Gm16",454672
"2282","5","Gm16",2516822
"2283","6","Gm16",8064
"2284","7","Gm16",6076981
"2285","8","Gm16",269264
"2286","NaN","Gm16",0
"2287","1","Gm17",1985032
"2288","2","Gm17",130989
"2289","3","Gm17",2375
"2290","4","Gm17",7818
"2291","5","Gm17",24030
"2292","6","Gm17",1285
"2293","7","Gm17",1048985
"2294","8","Gm17",27970
"2295","NaN","Gm17",0
"2296","1","Gm19",2082247
"2297","2","Gm19",519713
"2298","3","Gm19",7353
"2299","4","Gm19",25672
"2300","5","Gm19",720739
"2301","6","Gm19",19910
"2302","7","Gm19",41089
"2303","8","Gm19",35407
"2304","NaN","Gm19",0
"2305","1","Gm2",7038152
"2306","2","Gm2",42976
"2307","3","Gm2",41281
"2308","4","Gm2",128945
"2309","5","Gm2",2081207
"2310","6","Gm2",0
"2311","7","Gm2",1225
"2312","8","Gm2",8786
"2313","NaN","Gm2",0
"2314","1","Gm20",45946
"2315","2","Gm20",968
"2316","3","Gm20",0
"2317","4","Gm20",633
"2318","5","Gm20",3198
"2319","6","Gm20",0
"2320","7","Gm20",101
"2321","8","Gm20",0
"2322","NaN","Gm20",0
"2323","1","Gm21",2962283
"2324","2","Gm21",300961
"2325","3","Gm21",39789
"2326","4","Gm21",80481
"2327","5","Gm21",436268
"2328","6","Gm21",5418
"2329","7","Gm21",33087
"2330","8","Gm21",19406
"2331","NaN","Gm21",0
"2332","1","Gm22",844175
"2333","2","Gm22",209312
"2334","3","Gm22",988
"2335","4","Gm22",60406
"2336","5","Gm22",68927
"2337","6","Gm22",10546
"2338","7","Gm22",1117542
"2339","8","Gm22",36040
"2340","NaN","Gm22",0
"2341","1","Gm23",1826049
"2342","2","Gm23",244474
"2343","3","Gm23",373
"2344","4","Gm23",34304
"2345","5","Gm23",20844
"2346","6","Gm23",1364
"2347","7","Gm23",1234032
"2348","8","Gm23",73418
"2349","NaN","Gm23",0
"2350","1","Gm24",22968
"2351","2","Gm24",1151
"2352","3","Gm24",0
"2353","4","Gm24",63
"2354","5","Gm24",0
"2355","6","Gm24",0
"2356","7","Gm24",457
"2357","8","Gm24",364
"2358","NaN","Gm24",0
"2359","1","Gm25",236824
"2360","2","Gm25",72379
"2361","3","Gm25",11852
"2362","4","Gm25",10075
"2363","5","Gm25",63148
"2364","6","Gm25",0
"2365","7","Gm25",659669
"2366","8","Gm25",22639
"2367","NaN","Gm25",0
"2368","1","Gm26",588028
"2369","2","Gm26",10845
"2370","3","Gm26",7
"2371","4","Gm26",232
"2372","5","Gm26",1870
"2373","6","Gm26",2
"2374","7","Gm26",32940
"2375","8","Gm26",17525
"2376","NaN","Gm26",0
"2377","1","Gm27",646780
"2378","2","Gm27",13702
"2379","3","Gm27",12
"2380","4","Gm27",426
"2381","5","Gm27",1664
"2382","6","Gm27",165
"2383","7","Gm27",1337
"2384","8","Gm27",6080
"2385","NaN","Gm27",0
"2386","1","Gm28",218515
"2387","2","Gm28",1819
"2388","3","Gm28",0
"2389","4","Gm28",7
"2390","5","Gm28",459
"2391","6","Gm28",0
"2392","7","Gm28",3514
"2393","8","Gm28",10375
"2394","NaN","Gm28",0
"2395","1","Gm29",1253116
"2396","2","Gm29",26113
"2397","3","Gm29",515
"2398","4","Gm29",645
"2399","5","Gm29",22224
"2400","6","Gm29",10
"2401","7","Gm29",1776
"2402","8","Gm29",3656
"2403","NaN","Gm29",0
"2404","1","Gm3",14833079
"2405","2","Gm3",2981635
"2406","3","Gm3",216885
"2407","4","Gm3",448100
"2408","5","Gm3",18674452
"2409","6","Gm3",6120
"2410","7","Gm3",311766
"2411","8","Gm3",187909
"2412","NaN","Gm3",0
"2413","1","Gm30",6352185
"2414","2","Gm30",825067
"2415","3","Gm30",28686
"2416","4","Gm30",78164
"2417","5","Gm30",457597
"2418","6","Gm30",20842
"2419","7","Gm30",1707898
"2420","8","Gm30",176142
"2421","NaN","Gm30",0
"2422","1","Gm31",1316397
"2423","2","Gm31",138190
"2424","3","Gm31",532
"2425","4","Gm31",3763
"2426","5","Gm31",17877
"2427","6","Gm31",126
"2428","7","Gm31",1119561
"2429","8","Gm31",24007
"2430","NaN","Gm31",0
"2431","1","Gm4",18434699
"2432","2","Gm4",2404786
"2433","3","Gm4",273931
"2434","4","Gm4",474285
"2435","5","Gm4",13456097
"2436","6","Gm4",4569
"2437","7","Gm4",403776
"2438","8","Gm4",184727
"2439","NaN","Gm4",0
"2440","1","Gm5",6020800
"2441","2","Gm5",242995
"2442","3","Gm5",5355
"2443","4","Gm5",74415
"2444","5","Gm5",2083408
"2445","6","Gm5",2728
"2446","7","Gm5",109013
"2447","8","Gm5",135163
"2448","NaN","Gm5",0
"2449","1","Gm6",13655146
"2450","2","Gm6",1613298
"2451","3","Gm6",851938
"2452","4","Gm6",172314
"2453","5","Gm6",8317476
"2454","6","Gm6",4678
"2455","7","Gm6",106983
"2456","8","Gm6",7300
"2457","NaN","Gm6",0
"2458","1","Gm7",69039
"2459","2","Gm7",2028
"2460","3","Gm7",42
"2461","4","Gm7",173
"2462","5","Gm7",3135
"2463","6","Gm7",0
"2464","7","Gm7",694
"2465","8","Gm7",10
"2466","NaN","Gm7",0
"2467","1","Gm8",13671468
"2468","2","Gm8",4617423
"2469","3","Gm8",367564
"2470","4","Gm8",3308038
"2471","5","Gm8",13468582
"2472","6","Gm8",269606
"2473","7","Gm8",440266
"2474","8","Gm8",89402
"2475","NaN","Gm8",0
"2476","1","Gm9",1087067
"2477","2","Gm9",492077
"2478","3","Gm9",24814
"2479","4","Gm9",723055
"2480","5","Gm9",854788
"2481","6","Gm9",44348
"2482","7","Gm9",54374
"2483","8","Gm9",2541
"2484","NaN","Gm9",0
"2485","1","Gs1",684643
"2486","2","Gs1",90122
"2487","3","Gs1",4116
"2488","4","Gs1",25806
"2489","5","Gs1",67004
"2490","6","Gs1",700
"2491","7","Gs1",456662
"2492","8","Gs1",18980
"2493","NaN","Gs1",0
"2494","1","Gs10",17447083
"2495","2","Gs10",1657049
"2496","3","Gs10",60700
"2497","4","Gs10",1718270
"2498","5","Gs10",2781048
"2499","6","Gs10",2947
"2500","7","Gs10",2200969
"2501","8","Gs10",1493466
"2502","NaN","Gs10",0
"2503","1","Gs11",2396790
"2504","2","Gs11",895531
"2505","3","Gs11",54327
"2506","4","Gs11",719027
"2507","5","Gs11",851293
"2508","6","Gs11",898
"2509","7","Gs11",782505
"2510","8","Gs11",155024
"2511","NaN","Gs11",0
"2512","1","Gs12",10686880
"2513","2","Gs12",2426980
"2514","3","Gs12",79540
"2515","4","Gs12",1939787
"2516","5","Gs12",4700951
"2517","6","Gs12",4741
"2518","7","Gs12",923104
"2519","8","Gs12",1058330
"2520","NaN","Gs12",0
"2521","1","Gs13",365476
"2522","2","Gs13",207875
"2523","3","Gs13",53020
"2524","4","Gs13",44617
"2525","5","Gs13",550740
"2526","6","Gs13",1130
"2527","7","Gs13",4352
"2528","8","Gs13",5190
"2529","NaN","Gs13",0
"2530","1","Gs14",5188859
"2531","2","Gs14",1475831
"2532","3","Gs14",15473
"2533","4","Gs14",2331554
"2534","5","Gs14",3552100
"2535","6","Gs14",6713
"2536","7","Gs14",482862
"2537","8","Gs14",150788
"2538","NaN","Gs14",0
"2539","1","Gs15",9073528
"2540","2","Gs15",1363883
"2541","3","Gs15",132207
"2542","4","Gs15",1242480
"2543","5","Gs15",3244296
"2544","6","Gs15",3530
"2545","7","Gs15",86723
"2546","8","Gs15",196507
"2547","NaN","Gs15",0
"2548","1","Gs16",7442417
"2549","2","Gs16",358894
"2550","3","Gs16",37922
"2551","4","Gs16",471335
"2552","5","Gs16",678687
"2553","6","Gs16",3889
"2554","7","Gs16",14459
"2555","8","Gs16",8133
"2556","NaN","Gs16",0
"2557","1","Gs17",10360620
"2558","2","Gs17",55019
"2559","3","Gs17",11008
"2560","4","Gs17",36675
"2561","5","Gs17",71818
"2562","6","Gs17",1647
"2563","7","Gs17",2305
"2564","8","Gs17",66377
"2565","NaN","Gs17",0
"2566","1","Gs18",3517143
"2567","2","Gs18",28095
"2568","3","Gs18",2594
"2569","4","Gs18",10071
"2570","5","Gs18",23881
"2571","6","Gs18",206
"2572","7","Gs18",1504
"2573","8","Gs18",1336
"2574","NaN","Gs18",0
"2575","1","Gs19",3030815
"2576","2","Gs19",1305689
"2577","3","Gs19",69204
"2578","4","Gs19",1165685
"2579","5","Gs19",1387942
"2580","6","Gs19",4280
"2581","7","Gs19",291169
"2582","8","Gs19",305807
"2583","NaN","Gs19",0
"2584","1","Gs2",3088842
"2585","2","Gs2",206783
"2586","3","Gs2",1266
"2587","4","Gs2",125532
"2588","5","Gs2",277710
"2589","6","Gs2",276
"2590","7","Gs2",145104
"2591","8","Gs2",18215
"2592","NaN","Gs2",0
"2593","1","Gs20",5077883
"2594","2","Gs20",2532694
"2595","3","Gs20",16024
"2596","4","Gs20",2977627
"2597","5","Gs20",2737011
"2598","6","Gs20",2082
"2599","7","Gs20",1792242
"2600","8","Gs20",565922
"2601","NaN","Gs20",0
"2602","1","Gs3",3676708
"2603","2","Gs3",190562
"2604","3","Gs3",17636
"2605","4","Gs3",43274
"2606","5","Gs3",72233
"2607","6","Gs3",76
"2608","7","Gs3",122186
"2609","8","Gs3",233020
"2610","NaN","Gs3",0
"2611","1","Gs4",10265529
"2612","2","Gs4",2605682
"2613","3","Gs4",267222
"2614","4","Gs4",1288405
"2615","5","Gs4",3240981
"2616","6","Gs4",28170
"2617","7","Gs4",563280
"2618","8","Gs4",341796
"2619","NaN","Gs4",0
"2620","1","Gs6",8116937
"2621","2","Gs6",2076783
"2622","3","Gs6",103868
"2623","4","Gs6",766060
"2624","5","Gs6",1739061
"2625","6","Gs6",22925
"2626","7","Gs6",100943
"2627","8","Gs6",142094
"2628","NaN","Gs6",0
"2629","1","Gs7",5903734
"2630","2","Gs7",2342746
"2631","3","Gs7",45215
"2632","4","Gs7",1111356
"2633","5","Gs7",2184054
"2634","6","Gs7",13327
"2635","7","Gs7",20607
"2636","8","Gs7",12978
"2637","NaN","Gs7",0
"2638","1","Gs8",4056875
"2639","2","Gs8",755937
"2640","3","Gs8",90844
"2641","4","Gs8",127408
"2642","5","Gs8",1256791
"2643","6","Gs8",861
"2644","7","Gs8",763548
"2645","8","Gs8",103775
"2646","NaN","Gs8",0
"2647","1","Gs9",4712402
"2648","2","Gs9",2021308
"2649","3","Gs9",47417
"2650","4","Gs9",1833343
"2651","5","Gs9",2450928
"2652","6","Gs9",2122
"2653","7","Gs9",6025394
"2654","8","Gs9",337670
"2655","NaN","Gs9",0
"2656","1","NKb1",11582879
"2657","2","NKb1",15853
"2658","3","NKb1",1166
"2659","4","NKb1",9436
"2660","5","NKb1",53577
"2661","6","NKb1",4311
"2662","7","NKb1",84
"2663","8","NKb1",10704
"2664","NaN","NKb1",0
"2665","1","NKb2",1503480
"2666","2","NKb2",729
"2667","3","NKb2",51
"2668","4","NKb2",2621
"2669","5","NKb2",11587
"2670","6","NKb2",252
"2671","7","NKb2",0
"2672","8","NKb2",0
"2673","NaN","NKb2",0
"2674","1","NKb3",102078000
"2675","2","NKb3",196609
"2676","3","NKb3",19461
"2677","4","NKb3",346108
"2678","5","NKb3",228252
"2679","6","NKb3",40606
"2680","7","NKb3",2215
"2681","8","NKb3",221989
"2682","NaN","NKb3",0
"2683","1","NKb4",6674163
"2684","2","NKb4",7133
"2685","3","NKb4",21
"2686","4","NKb4",3691
"2687","5","NKb4",601
"2688","6","NKb4",5756
"2689","7","NKb4",0
"2690","8","NKb4",1635
"2691","NaN","NKb4",0
"2692","1","NKb5",21353203
"2693","2","NKb5",63579
"2694","3","NKb5",14348
"2695","4","NKb5",121741
"2696","5","NKb5",26266
"2697","6","NKb5",12206
"2698","7","NKb5",110
"2699","8","NKb5",5628
"2700","NaN","NKb5",0
"2701","1","NKb6",102121815
"2702","2","NKb6",377510
"2703","3","NKb6",76467
"2704","4","NKb6",206604
"2705","5","NKb6",113775
"2706","6","NKb6",76682
"2707","7","NKb6",705
"2708","8","NKb6",153113
"2709","NaN","NKb6",0
"2710","1","NKl1",50186177
"2711","2","NKl1",130203
"2712","3","NKl1",34916
"2713","4","NKl1",104419
"2714","5","NKl1",49664
"2715","6","NKl1",6635
"2716","7","NKl1",2185
"2717","8","NKl1",664
"2718","NaN","NKl1",0
"2719","1","NKl2",20409969
"2720","2","NKl2",146802
"2721","3","NKl2",47276
"2722","4","NKl2",76480
"2723","5","NKl2",113871
"2724","6","NKl2",7595
"2725","7","NKl2",657
"2726","8","NKl2",758
"2727","NaN","NKl2",0
"2728","1","NKl4",1707352
"2729","2","NKl4",26819
"2730","3","NKl4",2547
"2731","4","NKl4",7047
"2732","5","NKl4",111531
"2733","6","NKl4",70
"2734","7","NKl4",687
"2735","8","NKl4",680
"2736","NaN","NKl4",0
"2737","1","NKu1",42406689
"2738","2","NKu1",259424
"2739","3","NKu1",59837
"2740","4","NKu1",60288
"2741","5","NKu1",70087
"2742","6","NKu1",9499
"2743","7","NKu1",2252
"2744","8","NKu1",5863
"2745","NaN","NKu1",0
"2746","1","NKu2",29247310
"2747","2","NKu2",34850
"2748","3","NKu2",7590
"2749","4","NKu2",17391
"2750","5","NKu2",7227
"2751","6","NKu2",2093
"2752","7","NKu2",636
"2753","8","NKu2",18592
"2754","NaN","NKu2",0
"2755","1","NKu3",99642532
"2756","2","NKu3",1765059
"2757","3","NKu3",136305
"2758","4","NKu3",266628
"2759","5","NKu3",3328990
"2760","6","NKu3",115342
"2761","7","NKu3",61395
"2762","8","NKu3",368067
"2763","NaN","NKu3",0
"2764","1","NKu4",120161195
"2765","2","NKu4",1855687
"2766","3","NKu4",835646
"2767","4","NKu4",211518
"2768","5","NKu4",1422911
"2769","6","NKu4",6915
"2770","7","NKu4",42796
"2771","8","NKu4",49418
"2772","NaN","NKu4",0
"2773","1","NOTVEG",2259246
"2774","2","NOTVEG",72385
"2775","3","NOTVEG",20377
"2776","4","NOTVEG",45143
"2777","5","NOTVEG",36459
"2778","6","NOTVEG",11206
"2779","7","NOTVEG",912
"2780","8","NOTVEG",30630
"2781","NaN","NOTVEG",4294
"2782","1","SKk1",4167034
"2783","2","SKk1",6335
"2784","3","SKk1",16
"2785","4","SKk1",6944
"2786","5","SKk1",93
"2787","6","SKk1",3922
"2788","7","SKk1",0
"2789","8","SKk1",91
"2790","NaN","SKk1",0
"2791","1","SKk2",322887
"2792","2","SKk2",1067
"2793","3","SKk2",0
"2794","4","SKk2",418
"2795","5","SKk2",0
"2796","6","SKk2",392
"2797","7","SKk2",0
"2798","8","SKk2",0
"2799","NaN","SKk2",0
"2800","1","SKk3",3246888
"2801","2","SKk3",17600
"2802","3","SKk3",621
"2803","4","SKk3",7443
"2804","5","SKk3",19842
"2805","6","SKk3",9422
"2806","7","SKk3",213
"2807","8","SKk3",186
"2808","NaN","SKk3",0
"2809","1","SKk4",2445335
"2810","2","SKk4",5209
"2811","3","SKk4",232
"2812","4","SKk4",3502
"2813","5","SKk4",1097
"2814","6","SKk4",335
"2815","7","SKk4",64
"2816","8","SKk4",3096
"2817","NaN","SKk4",0
"2818","1","SKk5",2060193
"2819","2","SKk5",82368
"2820","3","SKk5",1848
"2821","4","SKk5",27877
"2822","5","SKk5",264073
"2823","6","SKk5",21023
"2824","7","SKk5",1194
"2825","8","SKk5",12749
"2826","NaN","SKk5",0
"2827","1","SKk6",142170
"2828","2","SKk6",1390
"2829","3","SKk6",67
"2830","4","SKk6",567
"2831","5","SKk6",1990
"2832","6","SKk6",2946
"2833","7","SKk6",26
"2834","8","SKk6",410
"2835","NaN","SKk6",0
"2836","1","SKk7",321456
"2837","2","SKk7",30689
"2838","3","SKk7",27037
"2839","4","SKk7",12477
"2840","5","SKk7",63615
"2841","6","SKk7",170
"2842","7","SKk7",1893
"2843","8","SKk7",5697
"2844","NaN","SKk7",0
"2845","1","SKk8",1579
"2846","2","SKk8",875
"2847","3","SKk8",0
"2848","4","SKk8",5
"2849","5","SKk8",4684
"2850","6","SKk8",0
"2851","7","SKk8",7
"2852","8","SKk8",0
"2853","NaN","SKk8",0
"2854","1","SKk9",350229
"2855","2","SKk9",4459
"2856","3","SKk9",268
"2857","4","SKk9",257
"2858","5","SKk9",1289
"2859","6","SKk9",0
"2860","7","SKk9",74
"2861","8","SKk9",338
"2862","NaN","SKk9",0
"2863","1","SKn1",18354356
"2864","2","SKn1",414695
"2865","3","SKn1",401
"2866","4","SKn1",44027
"2867","5","SKn1",124368
"2868","6","SKn1",16903
"2869","7","SKn1",0
"2870","8","SKn1",656
"2871","NaN","SKn1",0
"2872","1","SKn2",1335509
"2873","2","SKn2",8453
"2874","3","SKn2",52
"2875","4","SKn2",1713
"2876","5","SKn2",2076
"2877","6","SKn2",528
"2878","7","SKn2",0
"2879","8","SKn2",0
"2880","NaN","SKn2",0
"2881","1","SKn3",7227020
"2882","2","SKn3",344369
"2883","3","SKn3",352
"2884","4","SKn3",36512
"2885","5","SKn3",150219
"2886","6","SKn3",10978
"2887","7","SKn3",0
"2888","8","SKn3",540
"2889","NaN","SKn3",0
"2890","1","SKn4",11453113
"2891","2","SKn4",482783
"2892","3","SKn4",128
"2893","4","SKn4",28444
"2894","5","SKn4",611497
"2895","6","SKn4",25517
"2896","7","SKn4",0
"2897","8","SKn4",52
"2898","NaN","SKn4",0
"2899","1","SKn5",1626346
"2900","2","SKn5",2999
"2901","3","SKn5",6
"2902","4","SKn5",2525
"2903","5","SKn5",494
"2904","6","SKn5",989
"2905","7","SKn5",0
"2906","8","SKn5",0
"2907","NaN","SKn5",0
"2908","1","SKn6",978385
"2909","2","SKn6",5969
"2910","3","SKn6",57
"2911","4","SKn6",182
"2912","5","SKn6",7012
"2913","6","SKn6",1
"2914","7","SKn6",0
"2915","8","SKn6",380
"2916","NaN","SKn6",0
"2917","1","SKn7",2269828
"2918","2","SKn7",65769
"2919","3","SKn7",28
"2920","4","SKn7",2384
"2921","5","SKn7",153326
"2922","6","SKn7",1537
"2923","7","SKn7",0
"2924","8","SKn7",0
"2925","NaN","SKn7",0
"2926","1","SKr1",2999354
"2927","2","SKr1",598
"2928","3","SKr1",55
"2929","4","SKr1",765
"2930","5","SKr1",0
"2931","6","SKr1",231
"2932","7","SKr1",0
"2933","8","SKr1",0
"2934","NaN","SKr1",0
"2935","1","SKr10",317856
"2936","2","SKr10",563
"2937","3","SKr10",0
"2938","4","SKr10",420
"2939","5","SKr10",0
"2940","6","SKr10",85
"2941","7","SKr10",0
"2942","8","SKr10",0
"2943","NaN","SKr10",0
"2944","1","SKr11",320301
"2945","2","SKr11",210
"2946","3","SKr11",0
"2947","4","SKr11",2455
"2948","5","SKr11",0
"2949","6","SKr11",222
"2950","7","SKr11",0
"2951","8","SKr11",0
"2952","NaN","SKr11",0
"2953","1","SKr12",1529742
"2954","2","SKr12",272
"2955","3","SKr12",2
"2956","4","SKr12",202
"2957","5","SKr12",0
"2958","6","SKr12",148
"2959","7","SKr12",0
"2960","8","SKr12",0
"2961","NaN","SKr12",0
"2962","1","SKr13",1804579
"2963","2","SKr13",867
"2964","3","SKr13",6
"2965","4","SKr13",1094
"2966","5","SKr13",0
"2967","6","SKr13",144
"2968","7","SKr13",0
"2969","8","SKr13",0
"2970","NaN","SKr13",0
"2971","1","SKr14",913039
"2972","2","SKr14",518
"2973","3","SKr14",0
"2974","4","SKr14",230
"2975","5","SKr14",0
"2976","6","SKr14",121
"2977","7","SKr14",0
"2978","8","SKr14",0
"2979","NaN","SKr14",0
"2980","1","SKr15",500760
"2981","2","SKr15",87480
"2982","3","SKr15",0
"2983","4","SKr15",139
"2984","5","SKr15",16068
"2985","6","SKr15",1
"2986","7","SKr15",0
"2987","8","SKr15",0
"2988","NaN","SKr15",0
"2989","1","SKr16",1080838
"2990","2","SKr16",240
"2991","3","SKr16",31
"2992","4","SKr16",355
"2993","5","SKr16",0
"2994","6","SKr16",648
"2995","7","SKr16",0
"2996","8","SKr16",0
"2997","NaN","SKr16",0
"2998","1","SKr17",649165
"2999","2","SKr17",561
"3000","3","SKr17",0
"3001","4","SKr17",772
"3002","5","SKr17",0
"3003","6","SKr17",1366
"3004","7","SKr17",0
"3005","8","SKr17",0
"3006","NaN","SKr17",0
"3007","1","SKr18",2030905
"3008","2","SKr18",3043
"3009","3","SKr18",141
"3010","4","SKr18",953
"3011","5","SKr18",5
"3012","6","SKr18",9405
"3013","7","SKr18",0
"3014","8","SKr18",0
"3015","NaN","SKr18",0
"3016","1","SKr19",919286
"3017","2","SKr19",1449
"3018","3","SKr19",953
"3019","4","SKr19",2058
"3020","5","SKr19",8
"3021","6","SKr19",6128
"3022","7","SKr19",26
"3023","8","SKr19",0
"3024","NaN","SKr19",0
"3025","1","SKr2",478328
"3026","2","SKr2",193
"3027","3","SKr2",0
"3028","4","SKr2",1715
"3029","5","SKr2",0
"3030","6","SKr2",48
"3031","7","SKr2",0
"3032","8","SKr2",0
"3033","NaN","SKr2",0
"3034","1","SKr3",426844
"3035","2","SKr3",49
"3036","3","SKr3",20
"3037","4","SKr3",23
"3038","5","SKr3",0
"3039","6","SKr3",0
"3040","7","SKr3",0
"3041","8","SKr3",0
"3042","NaN","SKr3",0
"3043","1","SKr4",2067903
"3044","2","SKr4",17893
"3045","3","SKr4",0
"3046","4","SKr4",2110
"3047","5","SKr4",0
"3048","6","SKr4",2656
"3049","7","SKr4",0
"3050","8","SKr4",0
"3051","NaN","SKr4",0
"3052","1","SKr5",45913
"3053","2","SKr5",0
"3054","3","SKr5",0
"3055","4","SKr5",0
"3056","5","SKr5",0
"3057","6","SKr5",0
"3058","7","SKr5",0
"3059","8","SKr5",0
"3060","NaN","SKr5",0
"3061","1","SKr6",164558
"3062","2","SKr6",114
"3063","3","SKr6",0
"3064","4","SKr6",0
"3065","5","SKr6",0
"3066","6","SKr6",10
"3067","7","SKr6",0
"3068","8","SKr6",0
"3069","NaN","SKr6",0
"3070","1","SKr7",816386
"3071","2","SKr7",204
"3072","3","SKr7",1
"3073","4","SKr7",1194
"3074","5","SKr7",0
"3075","6","SKr7",89
"3076","7","SKr7",0
"3077","8","SKr7",0
"3078","NaN","SKr7",0
"3079","1","SKr8",126276
"3080","2","SKr8",51
"3081","3","SKr8",67
"3082","4","SKr8",0
"3083","5","SKr8",0
"3084","6","SKr8",0
"3085","7","SKr8",0
"3086","8","SKr8",0
"3087","NaN","SKr8",0
"3088","1","SKr9",8163
"3089","2","SKr9",0
"3090","3","SKr9",0
"3091","4","SKr9",0
"3092","5","SKr9",0
"3093","6","SKr9",0
"3094","7","SKr9",0
"3095","8","SKr9",0
"3096","NaN","SKr9",0
"3097","1","SKs1",777519
"3098","2","SKs1",39678
"3099","3","SKs1",495
"3100","4","SKs1",8431
"3101","5","SKs1",0
"3102","6","SKs1",443930
"3103","7","SKs1",0
"3104","8","SKs1",0
"3105","NaN","SKs1",0
"3106","1","SKs10",334996
"3107","2","SKs10",5319
"3108","3","SKs10",0
"3109","4","SKs10",757
"3110","5","SKs10",0
"3111","6","SKs10",0
"3112","7","SKs10",0
"3113","8","SKs10",0
"3114","NaN","SKs10",0
"3115","1","SKs11",716713
"3116","2","SKs11",288
"3117","3","SKs11",0
"3118","4","SKs11",387
"3119","5","SKs11",0
"3120","6","SKs11",60
"3121","7","SKs11",0
"3122","8","SKs11",0
"3123","NaN","SKs11",0
"3124","1","SKs12",1058773
"3125","2","SKs12",76421
"3126","3","SKs12",48
"3127","4","SKs12",4448
"3128","5","SKs12",34279
"3129","6","SKs12",366
"3130","7","SKs12",450
"3131","8","SKs12",37
"3132","NaN","SKs12",0
"3133","1","SKs13",266941
"3134","2","SKs13",57159
"3135","3","SKs13",661
"3136","4","SKs13",6160
"3137","5","SKs13",167083
"3138","6","SKs13",195
"3139","7","SKs13",1189
"3140","8","SKs13",3436
"3141","NaN","SKs13",0
"3142","1","SKs14",1609540
"3143","2","SKs14",103669
"3144","3","SKs14",259
"3145","4","SKs14",9953
"3146","5","SKs14",360470
"3147","6","SKs14",12826
"3148","7","SKs14",151
"3149","8","SKs14",496
"3150","NaN","SKs14",0
"3151","1","SKs2",1312257
"3152","2","SKs2",5540
"3153","3","SKs2",0
"3154","4","SKs2",2648
"3155","5","SKs2",0
"3156","6","SKs2",19806
"3157","7","SKs2",0
"3158","8","SKs2",0
"3159","NaN","SKs2",0
"3160","1","SKs3",756800
"3161","2","SKs3",10399
"3162","3","SKs3",0
"3163","4","SKs3",7
"3164","5","SKs3",0
"3165","6","SKs3",61294
"3166","7","SKs3",0
"3167","8","SKs3",0
"3168","NaN","SKs3",0
"3169","1","SKs4",1103602
"3170","2","SKs4",4083
"3171","3","SKs4",0
"3172","4","SKs4",668
"3173","5","SKs4",0
"3174","6","SKs4",14257
"3175","7","SKs4",0
"3176","8","SKs4",0
"3177","NaN","SKs4",0
"3178","1","SKs5",1414227
"3179","2","SKs5",49
"3180","3","SKs5",0
"3181","4","SKs5",212
"3182","5","SKs5",0
"3183","6","SKs5",786
"3184","7","SKs5",0
"3185","8","SKs5",0
"3186","NaN","SKs5",0
"3187","1","SKs6",306979
"3188","2","SKs6",158
"3189","3","SKs6",0
"3190","4","SKs6",610
"3191","5","SKs6",0
"3192","6","SKs6",508
"3193","7","SKs6",0
"3194","8","SKs6",0
"3195","NaN","SKs6",0
"3196","1","SKs7",6348954
"3197","2","SKs7",548698
"3198","3","SKs7",3137
"3199","4","SKs7",30927
"3200","5","SKs7",846558
"3201","6","SKs7",98270
"3202","7","SKs7",1865
"3203","8","SKs7",1074
"3204","NaN","SKs7",0
"3205","1","SKs8",1818220
"3206","2","SKs8",63624
"3207","3","SKs8",947
"3208","4","SKs8",8114
"3209","5","SKs8",7
"3210","6","SKs8",279166
"3211","7","SKs8",0
"3212","8","SKs8",0
"3213","NaN","SKs8",0
"3214","1","SKs9",2211456
"3215","2","SKs9",45496
"3216","3","SKs9",430
"3217","4","SKs9",3352
"3218","5","SKs9",12828
"3219","6","SKs9",19515
"3220","7","SKs9",2
"3221","8","SKs9",402
"3222","NaN","SKs9",0
"3223","1","SKt1",253321
"3224","2","SKt1",216
"3225","3","SKt1",0
"3226","4","SKt1",865
"3227","5","SKt1",0
"3228","6","SKt1",46
"3229","7","SKt1",0
"3230","8","SKt1",0
"3231","NaN","SKt1",0
"3232","1","SKt2",18272171
"3233","2","SKt2",369804
"3234","3","SKt2",9772
"3235","4","SKt2",61621
"3236","5","SKt2",352019
"3237","6","SKt2",3587
"3238","7","SKt2",1838
"3239","8","SKt2",10573
"3240","NaN","SKt2",0
"3241","1","SKt3",13044227
"3242","2","SKt3",160832
"3243","3","SKt3",25412
"3244","4","SKt3",30248
"3245","5","SKt3",118393
"3246","6","SKt3",1895
"3247","7","SKt3",1417
"3248","8","SKt3",12566
"3249","NaN","SKt3",0
"3250","1","SKv1",1116532
"3251","2","SKv1",98260
"3252","3","SKv1",1818
"3253","4","SKv1",3485
"3254","5","SKv1",127430
"3255","6","SKv1",279
"3256","7","SKv1",622
"3257","8","SKv1",3424
"3258","NaN","SKv1",0
"3259","1","SKv10",565503
"3260","2","SKv10",15561
"3261","3","SKv10",722
"3262","4","SKv10",4409
"3263","5","SKv10",13904
"3264","6","SKv10",36
"3265","7","SKv10",19
"3266","8","SKv10",161
"3267","NaN","SKv10",0
"3268","1","SKv11",3419800
"3269","2","SKv11",166207
"3270","3","SKv11",12525
"3271","4","SKv11",68094
"3272","5","SKv11",271542
"3273","6","SKv11",4258
"3274","7","SKv11",885
"3275","8","SKv11",3115
"3276","NaN","SKv11",0
"3277","1","SKv13",6281499
"3278","2","SKv13",41080
"3279","3","SKv13",16688
"3280","4","SKv13",19655
"3281","5","SKv13",25367
"3282","6","SKv13",238
"3283","7","SKv13",204
"3284","8","SKv13",3421
"3285","NaN","SKv13",0
"3286","1","SKv14",1922941
"3287","2","SKv14",27746
"3288","3","SKv14",3692
"3289","4","SKv14",16892
"3290","5","SKv14",11258
"3291","6","SKv14",510
"3292","7","SKv14",54
"3293","8","SKv14",171
"3294","NaN","SKv14",0
"3295","1","SKv2",1392871
"3296","2","SKv2",4271
"3297","3","SKv2",537
"3298","4","SKv2",170
"3299","5","SKv2",558
"3300","6","SKv2",55
"3301","7","SKv2",0
"3302","8","SKv2",4
"3303","NaN","SKv2",0
"3304","1","SKv3",2256237
"3305","2","SKv3",30476
"3306","3","SKv3",432
"3307","4","SKv3",1707
"3308","5","SKv3",31182
"3309","6","SKv3",8
"3310","7","SKv3",150
"3311","8","SKv3",1239
"3312","NaN","SKv3",0
"3313","1","SKv4",3283951
"3314","2","SKv4",8871
"3315","3","SKv4",250
"3316","4","SKv4",1816
"3317","5","SKv4",1011
"3318","6","SKv4",5
"3319","7","SKv4",17
"3320","8","SKv4",0
"3321","NaN","SKv4",0
"3322","1","SKv5",17299080
"3323","2","SKv5",78681
"3324","3","SKv5",4019
"3325","4","SKv5",24197
"3326","5","SKv5",51791
"3327","6","SKv5",2346
"3328","7","SKv5",179
"3329","8","SKv5",10473
"3330","NaN","SKv5",0
"3331","1","SKv6",11686248
"3332","2","SKv6",47562
"3333","3","SKv6",5335
"3334","4","SKv6",22558
"3335","5","SKv6",21263
"3336","6","SKv6",1931
"3337","7","SKv6",411
"3338","8","SKv6",915
"3339","NaN","SKv6",0
"3340","1","SKv7",1235758
"3341","2","SKv7",108255
"3342","3","SKv7",11865
"3343","4","SKv7",53037
"3344","5","SKv7",216851
"3345","6","SKv7",969
"3346","7","SKv7",1781
"3347","8","SKv7",4872
"3348","NaN","SKv7",0
"3349","1","SKv8",9822251
"3350","2","SKv8",175422
"3351","3","SKv8",12296
"3352","4","SKv8",37403
"3353","5","SKv8",215198
"3354","6","SKv8",1644
"3355","7","SKv8",1117
"3356","8","SKv8",7231
"3357","NaN","SKv8",0
"3358","1","SVcb1",12772198
"3359","2","SVcb1",1652530
"3360","3","SVcb1",35038
"3361","4","SVcb1",100734
"3362","5","SVcb1",1958883
"3363","6","SVcb1",104380
"3364","7","SVcb1",4879
"3365","8","SVcb1",0
"3366","NaN","SVcb1",50278
"3367","1","SVcb10",2243366
"3368","2","SVcb10",397275
"3369","3","SVcb10",6199
"3370","4","SVcb10",252356
"3371","5","SVcb10",446022
"3372","6","SVcb10",39790
"3373","7","SVcb10",164572
"3374","8","SVcb10",55792
"3375","NaN","SVcb10",0
"3376","1","SVcb11",6194609
"3377","2","SVcb11",541727
"3378","3","SVcb11",41872
"3379","4","SVcb11",428600
"3380","5","SVcb11",858603
"3381","6","SVcb11",12125
"3382","7","SVcb11",97067
"3383","8","SVcb11",39488
"3384","NaN","SVcb11",0
"3385","1","SVcb12",27090745
"3386","2","SVcb12",5292752
"3387","3","SVcb12",284070
"3388","4","SVcb12",4030637
"3389","5","SVcb12",6500427
"3390","6","SVcb12",53230
"3391","7","SVcb12",141902
"3392","8","SVcb12",66467
"3393","NaN","SVcb12",0
"3394","1","SVcb13",4783506
"3395","2","SVcb13",170811
"3396","3","SVcb13",14172
"3397","4","SVcb13",102133
"3398","5","SVcb13",64183
"3399","6","SVcb13",4457
"3400","7","SVcb13",8912
"3401","8","SVcb13",17583
"3402","NaN","SVcb13",0
"3403","1","SVcb14",1102785
"3404","2","SVcb14",393345
"3405","3","SVcb14",63691
"3406","4","SVcb14",35832
"3407","5","SVcb14",299890
"3408","6","SVcb14",1020
"3409","7","SVcb14",2884
"3410","8","SVcb14",283
"3411","NaN","SVcb14",0
"3412","1","SVcb15",7139598
"3413","2","SVcb15",2980970
"3414","3","SVcb15",57265
"3415","4","SVcb15",1044276
"3416","5","SVcb15",6728148
"3417","6","SVcb15",21715
"3418","7","SVcb15",22333
"3419","8","SVcb15",1233
"3420","NaN","SVcb15",0
"3421","1","SVcb16",24699652
"3422","2","SVcb16",2358732
"3423","3","SVcb16",80620
"3424","4","SVcb16",1413534
"3425","5","SVcb16",1604724
"3426","6","SVcb16",19862
"3427","7","SVcb16",15875
"3428","8","SVcb16",2366
"3429","NaN","SVcb16",43554
"3430","1","SVcb17",20504412
"3431","2","SVcb17",943333
"3432","3","SVcb17",24536
"3433","4","SVcb17",55800
"3434","5","SVcb17",644372
"3435","6","SVcb17",25338
"3436","7","SVcb17",23084
"3437","8","SVcb17",32203
"3438","NaN","SVcb17",0
"3439","1","SVcb18",12754556
"3440","2","SVcb18",1422249
"3441","3","SVcb18",14308
"3442","4","SVcb18",495197
"3443","5","SVcb18",1540365
"3444","6","SVcb18",4062
"3445","7","SVcb18",10163
"3446","8","SVcb18",0
"3447","NaN","SVcb18",0
"3448","1","SVcb19",26664292
"3449","2","SVcb19",969755
"3450","3","SVcb19",12736
"3451","4","SVcb19",274226
"3452","5","SVcb19",2015155
"3453","6","SVcb19",95547
"3454","7","SVcb19",22437
"3455","8","SVcb19",0
"3456","NaN","SVcb19",108
"3457","1","SVcb2",2689505
"3458","2","SVcb2",27781
"3459","3","SVcb2",337
"3460","4","SVcb2",31217
"3461","5","SVcb2",15449
"3462","6","SVcb2",3311
"3463","7","SVcb2",995
"3464","8","SVcb2",136
"3465","NaN","SVcb2",0
"3466","1","SVcb20",15499501
"3467","2","SVcb20",3934480
"3468","3","SVcb20",30417
"3469","4","SVcb20",1455933
"3470","5","SVcb20",4060518
"3471","6","SVcb20",82714
"3472","7","SVcb20",163915
"3473","8","SVcb20",49746
"3474","NaN","SVcb20",0
"3475","1","SVcb21",7197923
"3476","2","SVcb21",898179
"3477","3","SVcb21",29819
"3478","4","SVcb21",765423
"3479","5","SVcb21",397666
"3480","6","SVcb21",904
"3481","7","SVcb21",663202
"3482","8","SVcb21",416232
"3483","NaN","SVcb21",0
"3484","1","SVcb22",1179
"3485","2","SVcb22",176
"3486","3","SVcb22",0
"3487","4","SVcb22",0
"3488","5","SVcb22",0
"3489","6","SVcb22",0
"3490","7","SVcb22",0
"3491","8","SVcb22",150
"3492","NaN","SVcb22",0
"3493","1","SVcb23",6268670
"3494","2","SVcb23",1419218
"3495","3","SVcb23",18309
"3496","4","SVcb23",1428187
"3497","5","SVcb23",1918379
"3498","6","SVcb23",19171
"3499","7","SVcb23",12295
"3500","8","SVcb23",29092
"3501","NaN","SVcb23",0
"3502","1","SVcb24",1475149
"3503","2","SVcb24",82712
"3504","3","SVcb24",900
"3505","4","SVcb24",48486
"3506","5","SVcb24",33912
"3507","6","SVcb24",1448
"3508","7","SVcb24",8025
"3509","8","SVcb24",16643
"3510","NaN","SVcb24",0
"3511","1","SVcb25",2056262
"3512","2","SVcb25",47911
"3513","3","SVcb25",117
"3514","4","SVcb25",60787
"3515","5","SVcb25",56949
"3516","6","SVcb25",1185
"3517","7","SVcb25",1418
"3518","8","SVcb25",3681
"3519","NaN","SVcb25",0
"3520","1","SVcb26",4339184
"3521","2","SVcb26",155360
"3522","3","SVcb26",2780
"3523","4","SVcb26",177228
"3524","5","SVcb26",278536
"3525","6","SVcb26",2622
"3526","7","SVcb26",13853
"3527","8","SVcb26",30479
"3528","NaN","SVcb26",0
"3529","1","SVcb27",3024697
"3530","2","SVcb27",862335
"3531","3","SVcb27",9411
"3532","4","SVcb27",1082809
"3533","5","SVcb27",1246474
"3534","6","SVcb27",80570
"3535","7","SVcb27",226
"3536","8","SVcb27",563
"3537","NaN","SVcb27",0
"3538","1","SVcb28",4524170
"3539","2","SVcb28",316580
"3540","3","SVcb28",52365
"3541","4","SVcb28",360082
"3542","5","SVcb28",464023
"3543","6","SVcb28",72550
"3544","7","SVcb28",120
"3545","8","SVcb28",472
"3546","NaN","SVcb28",0
"3547","1","SVcb29",934152
"3548","2","SVcb29",18560
"3549","3","SVcb29",905
"3550","4","SVcb29",7217
"3551","5","SVcb29",8403
"3552","6","SVcb29",799
"3553","7","SVcb29",406
"3554","8","SVcb29",0
"3555","NaN","SVcb29",0
"3556","1","SVcb3",2215000
"3557","2","SVcb3",459106
"3558","3","SVcb3",36174
"3559","4","SVcb3",224303
"3560","5","SVcb3",373088
"3561","6","SVcb3",2361
"3562","7","SVcb3",11058
"3563","8","SVcb3",8965
"3564","NaN","SVcb3",6590
"3565","1","SVcb4",9124581
"3566","2","SVcb4",497288
"3567","3","SVcb4",19572
"3568","4","SVcb4",156613
"3569","5","SVcb4",369079
"3570","6","SVcb4",24486
"3571","7","SVcb4",84459
"3572","8","SVcb4",30098
"3573","NaN","SVcb4",95616
"3574","1","SVcb5",899529
"3575","2","SVcb5",8893
"3576","3","SVcb5",171
"3577","4","SVcb5",9097
"3578","5","SVcb5",0
"3579","6","SVcb5",1
"3580","7","SVcb5",68
"3581","8","SVcb5",0
"3582","NaN","SVcb5",0
"3583","1","SVcb6",1755420
"3584","2","SVcb6",1426552
"3585","3","SVcb6",67826
"3586","4","SVcb6",1287169
"3587","5","SVcb6",900957
"3588","6","SVcb6",191691
"3589","7","SVcb6",66101
"3590","8","SVcb6",17029
"3591","NaN","SVcb6",0
"3592","1","SVcb7",902312
"3593","2","SVcb7",95569
"3594","3","SVcb7",5699
"3595","4","SVcb7",152070
"3596","5","SVcb7",30404
"3597","6","SVcb7",40176
"3598","7","SVcb7",2026
"3599","8","SVcb7",65
"3600","NaN","SVcb7",0
"3601","1","SVcb8",2090708
"3602","2","SVcb8",750442
"3603","3","SVcb8",65446
"3604","4","SVcb8",611160
"3605","5","SVcb8",838431
"3606","6","SVcb8",49506
"3607","7","SVcb8",160094
"3608","8","SVcb8",17697
"3609","NaN","SVcb8",0
"3610","1","SVcb9",6402722
"3611","2","SVcb9",421289
"3612","3","SVcb9",13158
"3613","4","SVcb9",325798
"3614","5","SVcb9",379756
"3615","6","SVcb9",12251
"3616","7","SVcb9",126546
"3617","8","SVcb9",79810
"3618","NaN","SVcb9",9746
"3619","1","SVk1",30004611
"3620","2","SVk1",3025951
"3621","3","SVk1",1613
"3622","4","SVk1",234390
"3623","5","SVk1",5289421
"3624","6","SVk1",3854
"3625","7","SVk1",18171
"3626","8","SVk1",316
"3627","NaN","SVk1",34206
"3628","1","SVk10",13846466
"3629","2","SVk10",288610
"3630","3","SVk10",1872
"3631","4","SVk10",127013
"3632","5","SVk10",234865
"3633","6","SVk10",91260
"3634","7","SVk10",4645
"3635","8","SVk10",2745
"3636","NaN","SVk10",0
"3637","1","SVk11",34060977
"3638","2","SVk11",469238
"3639","3","SVk11",1493
"3640","4","SVk11",142107
"3641","5","SVk11",59035
"3642","6","SVk11",6626
"3643","7","SVk11",3209
"3644","8","SVk11",725
"3645","NaN","SVk11",126126
"3646","1","SVk12",18131720
"3647","2","SVk12",189008
"3648","3","SVk12",3297
"3649","4","SVk12",99907
"3650","5","SVk12",3902
"3651","6","SVk12",203375
"3652","7","SVk12",228
"3653","8","SVk12",0
"3654","NaN","SVk12",0
"3655","1","SVk13",20994820
"3656","2","SVk13",133829
"3657","3","SVk13",6319
"3658","4","SVk13",62396
"3659","5","SVk13",29125
"3660","6","SVk13",38210
"3661","7","SVk13",1220
"3662","8","SVk13",28318
"3663","NaN","SVk13",0
"3664","1","SVk14",2201585
"3665","2","SVk14",45133
"3666","3","SVk14",1320
"3667","4","SVk14",10309
"3668","5","SVk14",2916
"3669","6","SVk14",61173
"3670","7","SVk14",153
"3671","8","SVk14",471
"3672","NaN","SVk14",0
"3673","1","SVk15",4041652
"3674","2","SVk15",5744
"3675","3","SVk15",470
"3676","4","SVk15",2608
"3677","5","SVk15",0
"3678","6","SVk15",253
"3679","7","SVk15",0
"3680","8","SVk15",1385
"3681","NaN","SVk15",0
"3682","1","SVk16",19752616
"3683","2","SVk16",23166
"3684","3","SVk16",38
"3685","4","SVk16",8666
"3686","5","SVk16",26
"3687","6","SVk16",173
"3688","7","SVk16",0
"3689","8","SVk16",11797
"3690","NaN","SVk16",0
"3691","1","SVk17",9372549
"3692","2","SVk17",2052985
"3693","3","SVk17",46005
"3694","4","SVk17",1176106
"3695","5","SVk17",5396569
"3696","6","SVk17",20594
"3697","7","SVk17",17272
"3698","8","SVk17",6381
"3699","NaN","SVk17",327520
"3700","1","SVk18",2382623
"3701","2","SVk18",63334
"3702","3","SVk18",381
"3703","4","SVk18",27935
"3704","5","SVk18",8411
"3705","6","SVk18",15832
"3706","7","SVk18",493
"3707","8","SVk18",0
"3708","NaN","SVk18",0
"3709","1","SVk2",8063981
"3710","2","SVk2",867527
"3711","3","SVk2",15980
"3712","4","SVk2",82960
"3713","5","SVk2",1423782
"3714","6","SVk2",27892
"3715","7","SVk2",29685
"3716","8","SVk2",4575
"3717","NaN","SVk2",0
"3718","1","SVk3",1440658
"3719","2","SVk3",469095
"3720","3","SVk3",4372
"3721","4","SVk3",43621
"3722","5","SVk3",1443607
"3723","6","SVk3",7014
"3724","7","SVk3",8964
"3725","8","SVk3",0
"3726","NaN","SVk3",0
"3727","1","SVk4",31125403
"3728","2","SVk4",2057625
"3729","3","SVk4",74109
"3730","4","SVk4",475172
"3731","5","SVk4",7655725
"3732","6","SVk4",122064
"3733","7","SVk4",101355
"3734","8","SVk4",12965
"3735","NaN","SVk4",0
"3736","1","SVk5",3545313
"3737","2","SVk5",42093
"3738","3","SVk5",8041
"3739","4","SVk5",7604
"3740","5","SVk5",30048
"3741","6","SVk5",10129
"3742","7","SVk5",940
"3743","8","SVk5",541
"3744","NaN","SVk5",0
"3745","1","SVk6",10549184
"3746","2","SVk6",721236
"3747","3","SVk6",87601
"3748","4","SVk6",318151
"3749","5","SVk6",1541262
"3750","6","SVk6",38416
"3751","7","SVk6",27020
"3752","8","SVk6",1764
"3753","NaN","SVk6",0
"3754","1","SVk7",32777258
"3755","2","SVk7",244629
"3756","3","SVk7",37075
"3757","4","SVk7",173487
"3758","5","SVk7",103750
"3759","6","SVk7",43493
"3760","7","SVk7",17438
"3761","8","SVk7",4329
"3762","NaN","SVk7",0
"3763","1","SVk8",8089465
"3764","2","SVk8",164129
"3765","3","SVk8",11076
"3766","4","SVk8",82461
"3767","5","SVk8",50526
"3768","6","SVk8",2194
"3769","7","SVk8",8888
"3770","8","SVk8",31
"3771","NaN","SVk8",0
"3772","1","SVk9",13759579
"3773","2","SVk9",180923
"3774","3","SVk9",3284
"3775","4","SVk9",386436
"3776","5","SVk9",9031
"3777","6","SVk9",106922
"3778","7","SVk9",1779
"3779","8","SVk9",1045
"3780","NaN","SVk9",0
"3781","1","SVkd1",92474468
"3782","2","SVkd1",66412
"3783","3","SVkd1",4854
"3784","4","SVkd1",40601
"3785","5","SVkd1",26851
"3786","6","SVkd1",16482
"3787","7","SVkd1",177
"3788","8","SVkd1",37331
"3789","NaN","SVkd1",0
"3790","1","SVkd2",5598779
"3791","2","SVkd2",4515
"3792","3","SVkd2",40
"3793","4","SVkd2",2573
"3794","5","SVkd2",0
"3795","6","SVkd2",27
"3796","7","SVkd2",0
"3797","8","SVkd2",0
"3798","NaN","SVkd2",0
"3799","1","SVkd3",7245296
"3800","2","SVkd3",661
"3801","3","SVkd3",2
"3802","4","SVkd3",541
"3803","5","SVkd3",0
"3804","6","SVkd3",0
"3805","7","SVkd3",0
"3806","8","SVkd3",0
"3807","NaN","SVkd3",0
"3808","1","SVkd4",1905636
"3809","2","SVkd4",299
"3810","3","SVkd4",0
"3811","4","SVkd4",239
"3812","5","SVkd4",0
"3813","6","SVkd4",0
"3814","7","SVkd4",0
"3815","8","SVkd4",0
"3816","NaN","SVkd4",21
"3817","1","SVl1",3886885
"3818","2","SVl1",639930
"3819","3","SVl1",7337
"3820","4","SVl1",406172
"3821","5","SVl1",220674
"3822","6","SVl1",2869
"3823","7","SVl1",1596
"3824","8","SVl1",61264
"3825","NaN","SVl1",0
"3826","1","SVl10",1522437
"3827","2","SVl10",332745
"3828","3","SVl10",2713
"3829","4","SVl10",310439
"3830","5","SVl10",161724
"3831","6","SVl10",3031
"3832","7","SVl10",8316
"3833","8","SVl10",15554
"3834","NaN","SVl10",0
"3835","1","SVl11",1490446
"3836","2","SVl11",17880
"3837","3","SVl11",358
"3838","4","SVl11",62428
"3839","5","SVl11",4372
"3840","6","SVl11",29
"3841","7","SVl11",3
"3842","8","SVl11",1022
"3843","NaN","SVl11",0
"3844","1","SVl12",889267
"3845","2","SVl12",95063
"3846","3","SVl12",1664
"3847","4","SVl12",22704
"3848","5","SVl12",79047
"3849","6","SVl12",3375
"3850","7","SVl12",48170
"3851","8","SVl12",31697
"3852","NaN","SVl12",0
"3853","1","SVl13",175976
"3854","2","SVl13",21534
"3855","3","SVl13",394
"3856","4","SVl13",1712
"3857","5","SVl13",23256
"3858","6","SVl13",998
"3859","7","SVl13",44661
"3860","8","SVl13",5177
"3861","NaN","SVl13",0
"3862","1","SVl14",8527607
"3863","2","SVl14",382476
"3864","3","SVl14",63975
"3865","4","SVl14",250103
"3866","5","SVl14",1878187
"3867","6","SVl14",266
"3868","7","SVl14",24221
"3869","8","SVl14",23946
"3870","NaN","SVl14",0
"3871","1","SVl15",3359340
"3872","2","SVl15",1943
"3873","3","SVl15",1826
"3874","4","SVl15",1347
"3875","5","SVl15",0
"3876","6","SVl15",64
"3877","7","SVl15",0
"3878","8","SVl15",0
"3879","NaN","SVl15",7426
"3880","1","SVl16",5599275
"3881","2","SVl16",262612
"3882","3","SVl16",18231
"3883","4","SVl16",283436
"3884","5","SVl16",269075
"3885","6","SVl16",16
"3886","7","SVl16",0
"3887","8","SVl16",30489
"3888","NaN","SVl16",2723
"3889","1","SVl17",106631
"3890","2","SVl17",42836
"3891","3","SVl17",202
"3892","4","SVl17",138601
"3893","5","SVl17",48556
"3894","6","SVl17",0
"3895","7","SVl17",30
"3896","8","SVl17",0
"3897","NaN","SVl17",260
"3898","1","SVl18",2162055
"3899","2","SVl18",207145
"3900","3","SVl18",4742
"3901","4","SVl18",294321
"3902","5","SVl18",104494
"3903","6","SVl18",49
"3904","7","SVl18",37701
"3905","8","SVl18",478
"3906","NaN","SVl18",0
"3907","1","SVl19",201509
"3908","2","SVl19",21382
"3909","3","SVl19",503
"3910","4","SVl19",143812
"3911","5","SVl19",14610
"3912","6","SVl19",117
"3913","7","SVl19",0
"3914","8","SVl19",431
"3915","NaN","SVl19",0
"3916","1","SVl2",459571
"3917","2","SVl2",52
"3918","3","SVl2",4
"3919","4","SVl2",0
"3920","5","SVl2",0
"3921","6","SVl2",7
"3922","7","SVl2",0
"3923","8","SVl2",0
"3924","NaN","SVl2",1523
"3925","1","SVl20",1600932
"3926","2","SVl20",737098
"3927","3","SVl20",282879
"3928","4","SVl20",576998
"3929","5","SVl20",860680
"3930","6","SVl20",2526
"3931","7","SVl20",31011
"3932","8","SVl20",20688
"3933","NaN","SVl20",0
"3934","1","SVl21",667133
"3935","2","SVl21",60151
"3936","3","SVl21",5384
"3937","4","SVl21",55319
"3938","5","SVl21",45396
"3939","6","SVl21",1
"3940","7","SVl21",58
"3941","8","SVl21",4294
"3942","NaN","SVl21",6
"3943","1","SVl22",8987615
"3944","2","SVl22",1417300
"3945","3","SVl22",5234
"3946","4","SVl22",961035
"3947","5","SVl22",1102788
"3948","6","SVl22",55
"3949","7","SVl22",243415
"3950","8","SVl22",216580
"3951","NaN","SVl22",0
"3952","1","SVl23",14063700
"3953","2","SVl23",2715134
"3954","3","SVl23",60422
"3955","4","SVl23",1488673
"3956","5","SVl23",2850842
"3957","6","SVl23",27401
"3958","7","SVl23",8677
"3959","8","SVl23",197051
"3960","NaN","SVl23",0
"3961","1","SVl24",454938
"3962","2","SVl24",413884
"3963","3","SVl24",3300
"3964","4","SVl24",458273
"3965","5","SVl24",389963
"3966","6","SVl24",126
"3967","7","SVl24",15314
"3968","8","SVl24",762
"3969","NaN","SVl24",0
"3970","1","SVl25",1164752
"3971","2","SVl25",168351
"3972","3","SVl25",1438
"3973","4","SVl25",231723
"3974","5","SVl25",46049
"3975","6","SVl25",28
"3976","7","SVl25",21632
"3977","8","SVl25",17580
"3978","NaN","SVl25",0
"3979","1","SVl26",1271997
"3980","2","SVl26",107911
"3981","3","SVl26",26
"3982","4","SVl26",229596
"3983","5","SVl26",36903
"3984","6","SVl26",59
"3985","7","SVl26",108670
"3986","8","SVl26",3863
"3987","NaN","SVl26",0
"3988","1","SVl27",1025159
"3989","2","SVl27",95290
"3990","3","SVl27",1244
"3991","4","SVl27",122793
"3992","5","SVl27",48834
"3993","6","SVl27",200
"3994","7","SVl27",14689
"3995","8","SVl27",41561
"3996","NaN","SVl27",0
"3997","1","SVl3",37172720
"3998","2","SVl3",3936189
"3999","3","SVl3",227794
"4000","4","SVl3",3062758
"4001","5","SVl3",5122567
"4002","6","SVl3",22361
"4003","7","SVl3",20877
"4004","8","SVl3",32630
"4005","NaN","SVl3",0
"4006","1","SVl4",4916979
"4007","2","SVl4",109731
"4008","3","SVl4",44698
"4009","4","SVl4",24126
"4010","5","SVl4",1704737
"4011","6","SVl4",64
"4012","7","SVl4",1621
"4013","8","SVl4",3155
"4014","NaN","SVl4",0
"4015","1","SVl5",7437671
"4016","2","SVl5",199729
"4017","3","SVl5",13732
"4018","4","SVl5",95519
"4019","5","SVl5",1175868
"4020","6","SVl5",298
"4021","7","SVl5",2171
"4022","8","SVl5",752
"4023","NaN","SVl5",1116
"4024","1","SVl6",1894150
"4025","2","SVl6",3129
"4026","3","SVl6",388
"4027","4","SVl6",2643
"4028","5","SVl6",176
"4029","6","SVl6",27
"4030","7","SVl6",0
"4031","8","SVl6",104
"4032","NaN","SVl6",0
"4033","1","SVl7",705671
"4034","2","SVl7",47735
"4035","3","SVl7",63
"4036","4","SVl7",37139
"4037","5","SVl7",7281
"4038","6","SVl7",370
"4039","7","SVl7",513
"4040","8","SVl7",9862
"4041","NaN","SVl7",0
"4042","1","SVl8",4273107
"4043","2","SVl8",1249935
"4044","3","SVl8",53349
"4045","4","SVl8",885300
"4046","5","SVl8",1267149
"4047","6","SVl8",2544
"4048","7","SVl8",669748
"4049","8","SVl8",97782
"4050","NaN","SVl8",0
"4051","1","SVl9",2553371
"4052","2","SVl9",1533376
"4053","3","SVl9",55854
"4054","4","SVl9",765087
"4055","5","SVl9",943528
"4056","6","SVl9",4748
"4057","7","SVl9",2814556
"4058","8","SVl9",235663
"4059","NaN","SVl9",0
"4060","1","SVmp1",20331789
"4061","2","SVmp1",526760
"4062","3","SVmp1",18019
"4063","4","SVmp1",164628
"4064","5","SVmp1",915544
"4065","6","SVmp1",28782
"4066","7","SVmp1",6984
"4067","8","SVmp1",766
"4068","NaN","SVmp1",1
"4069","1","SVmp2",6795065
"4070","2","SVmp2",64572
"4071","3","SVmp2",4760
"4072","4","SVmp2",5474
"4073","5","SVmp2",71538
"4074","6","SVmp2",21549
"4075","7","SVmp2",861
"4076","8","SVmp2",533
"4077","NaN","SVmp2",408
"4078","1","SVmp3",692089
"4079","2","SVmp3",327
"4080","3","SVmp3",104
"4081","4","SVmp3",0
"4082","5","SVmp3",0
"4083","6","SVmp3",22
"4084","7","SVmp3",0
"4085","8","SVmp3",106
"4086","NaN","SVmp3",0
"4087","1","SVmp4",7000536
"4088","2","SVmp4",8746
"4089","3","SVmp4",1453
"4090","4","SVmp4",335
"4091","5","SVmp4",1973
"4092","6","SVmp4",403
"4093","7","SVmp4",0
"4094","8","SVmp4",0
"4095","NaN","SVmp4",1546
"4096","1","SVmp5",11805207
"4097","2","SVmp5",742508
"4098","3","SVmp5",12340
"4099","4","SVmp5",233050
"4100","5","SVmp5",497798
"4101","6","SVmp5",228
"4102","7","SVmp5",1570
"4103","8","SVmp5",0
"4104","NaN","SVmp5",5
"4105","1","SVmp6",6078671
"4106","2","SVmp6",934682
"4107","3","SVmp6",16349
"4108","4","SVmp6",328898
"4109","5","SVmp6",510750
"4110","6","SVmp6",15403
"4111","7","SVmp6",528
"4112","8","SVmp6",0
"4113","NaN","SVmp6",0
"4114","1","SVmp7",5069065
"4115","2","SVmp7",135460
"4116","3","SVmp7",10399
"4117","4","SVmp7",208935
"4118","5","SVmp7",71958
"4119","6","SVmp7",67542
"4120","7","SVmp7",525
"4121","8","SVmp7",0
"4122","NaN","SVmp7",0
"4123","1","SVmp8",775709
"4124","2","SVmp8",293
"4125","3","SVmp8",51
"4126","4","SVmp8",6
"4127","5","SVmp8",0
"4128","6","SVmp8",36
"4129","7","SVmp8",0
"4130","8","SVmp8",0
"4131","NaN","SVmp8",0
"4132","1","SVs1",4912289
"4133","2","SVs1",923065
"4134","3","SVs1",2467
"4135","4","SVs1",500854
"4136","5","SVs1",406497
"4137","6","SVs1",2034
"4138","7","SVs1",854
"4139","8","SVs1",18421
"4140","NaN","SVs1",0
"4141","1","SVs2",4019969
"4142","2","SVs2",741563
"4143","3","SVs2",7158
"4144","4","SVs2",449701
"4145","5","SVs2",245423
"4146","6","SVs2",2245
"4147","7","SVs2",13538
"4148","8","SVs2",59406
"4149","NaN","SVs2",0
"4150","1","SVs3",2371749
"4151","2","SVs3",514806
"4152","3","SVs3",8081
"4153","4","SVs3",454126
"4154","5","SVs3",284674
"4155","6","SVs3",1186
"4156","7","SVs3",35149
"4157","8","SVs3",163991
"4158","NaN","SVs3",0
"4159","1","SVs4",773765
"4160","2","SVs4",295566
"4161","3","SVs4",843
"4162","4","SVs4",468344
"4163","5","SVs4",401611
"4164","6","SVs4",351
"4165","7","SVs4",26281
"4166","8","SVs4",40998
"4167","NaN","SVs4",0
"4168","1","SVs5",551041
"4169","2","SVs5",414256
"4170","3","SVs5",7780
"4171","4","SVs5",830862
"4172","5","SVs5",1516058
"4173","6","SVs5",678
"4174","7","SVs5",1136034
"4175","8","SVs5",74793
"4176","NaN","SVs5",0
"4177","1","SVs6",16527532
"4178","2","SVs6",3967897
"4179","3","SVs6",143415
"4180","4","SVs6",1911064
"4181","5","SVs6",1774543
"4182","6","SVs6",3052
"4183","7","SVs6",69801
"4184","8","SVs6",1066407
"4185","NaN","SVs6",0
"4186","1","SVs7",11100621
"4187","2","SVs7",2382793
"4188","3","SVs7",29512
"4189","4","SVs7",2219251
"4190","5","SVs7",2548479
"4191","6","SVs7",7221
"4192","7","SVs7",261396
"4193","8","SVs7",856419
"4194","NaN","SVs7",0
"4195","1","SVs8",2027569
"4196","2","SVs8",421589
"4197","3","SVs8",4078
"4198","4","SVs8",395382
"4199","5","SVs8",817434
"4200","6","SVs8",3388
"4201","7","SVs8",55836
"4202","8","SVs8",94137
"4203","NaN","SVs8",0
"4204","1",NA,76464877
"4205","2",NA,27821
"4206","3",NA,7662
"4207","4",NA,53638
"4208","5",NA,134
"4209","6",NA,8887
"4210","7",NA,153
"4211","8",NA,863
"4212","NaN",NA,2948131400
